Unique_idx,price
15544,479809.0909090909
17454,417250.0
21548,590000.0
3427,638788.2916666666
8809,241502.0292397661
3294,585062.8
275,378784.0416666667
8736,729500.0
6161,579466.2268907563
19832,418390.625
17232,355000.0
1305,427750.0
12702,527183.2857142857
12717,283237.5
17327,590031.4251497006
8196,988500.0
13,401657.2916666667
13412,795000.0
16484,446639.5833333333
14761,548141.8431372549
1675,230750.0
17478,614138.4615384615
19226,1098000.0
8083,660000.0
17237,571000.0
18122,569280.6034482758
19836,329612.6923076923
10046,334718.4
13341,308196.8333333333
8040,404504.92957746476
18568,907500.0
19398,567785.7142857143
13790,312879.5396825397
19649,1378000.0
16718,478854.54545454547
19,202273.83333333334
11249,224721.34615384616
4122,358072.965
9632,393932.95967741933
5768,651529.4117647059
1903,445033.3333333333
19629,406703.3333333333
17331,556666.6666666666
12448,325008.407079646
5014,610000.0
9598,223561.09677419355
6604,570386.25
12280,715750.0
19245,551919.2553191489
20627,389542.35714285716
13888,368404.6296296296
16804,1875000.0
16254,224721.34615384616
16196,602292.2285714286
5816,303750.0
12096,852565.0
17180,985300.0
11768,789150.0
1428,875000.0
3401,321125.0
2741,636393.9743589744
17958,860000.0
4988,599356.5315789473
3286,222854.54545454544
19771,581116.304347826
6775,643692.3076923077
21026,442522.22222222225
9384,425345.0
19776,373237.3333333333
9551,492831.25
20399,495000.0
8520,458962.8850574713
14833,394683.8309859155
17846,677691.6666666666
21321,1226090.9090909092
15430,1205000.0
8353,585000.0
6227,213571.42857142858
17876,553320.0
9390,800000.0
20086,637969.0491803279
219,415000.0
20944,1091857.825
13620,783470.5882352941
13354,328427.7155172414
9692,279266.0933333333
17429,353112.5
20640,816528.3157894737
13415,239666.66666666666
3423,436483.3333333333
12103,542114.9166666666
18668,394868.13636363635
17598,240075.54945054944
20321,263387.5
15573,405333.3333333333
2011,305000.0
1405,504057.10638297873
13825,572370.8333333334
8420,571112.2689075631
6240,613360.303030303
15842,495153.900990099
8347,653885.1777777778
7182,569000.0
6197,1065937.5
20773,387530.57272727275
17016,795000.0
12804,325088.0
2684,344821.5460992908
19631,377000.0
17599,232208.85714285713
5879,206795.67256637168
10654,360954.347826087
1901,370000.0
19138,339666.625
20392,701988.4615384615
16406,457235.5052192067
18137,446987.0238095238
5914,525464.265625
14575,203226.47887323942
11871,1800000.0
13285,622204.4038461539
13490,401366.6666666667
21165,622139.4090909091
15718,431950.0
352,328199.03846153844
15278,772742.8571428572
16543,301801.3888888889
6454,481000.0
18327,797708.46
16864,355392.77777777775
5789,767115.2868852459
18346,648475.0
694,763687.3267326732
1955,638788.2916666666
8249,273325.0
7019,329306.6525423729
16466,638788.2916666666
7962,445538.5
938,288231.84057971014
14560,350321.4285714286
18703,538905.9322033898
14676,258625.0
14925,570000.0
17633,550188.5714285715
21399,793000.0
14098,453500.0
16636,512572.5
13646,532833.3333333334
4102,228316.66666666666
9465,314746.875
2525,604058.3333333334
7275,466020.6855670103
12445,448803.07692307694
14599,527160.0769230769
6247,344821.5460992908
484,950000.0
8705,856857.1428571428
21233,479349.0
11675,376000.0
5531,395000.0
7355,326761.53846153844
4163,276000.0
4933,317248.25294117647
5061,410338.8429752066
9941,433279.66101694916
16990,274092.1052631579
3309,351777.04545454547
6086,380307.6923076923
9802,478712.84210526315
290,344603.0
12353,317053.3620689655
14264,435000.0
11680,831524.9285714285
15151,731606.0975609756
596,353716.6666666667
6714,1702500.0
16869,751064.2857142857
9958,524495.5217391305
7529,569280.6034482758
20906,260368.02197802198
20809,921651.75
7540,370426.17910447763
6859,422867.8205128205
8130,364773.07843137253
7921,637386.9565217391
554,357585.7272727273
11271,808100.0
9944,696500.0
18972,436000.0
12338,415000.0
2575,722574.5706214689
16502,309652.17391304346
1637,420000.0
516,400700.0
10686,389542.35714285716
8928,800866.0
4771,935000.0
17969,445846.4117647059
20358,533200.0
8011,536666.6666666666
17087,1225000.0
8505,432790.5806451613
19669,259950.0
14415,624230.7692307692
19184,787975.8064516129
12254,733000.0
3672,729500.0
6203,933399.0
6817,627133.3333333334
14871,650000.0
1090,829068.1818181818
16329,236082.43243243243
3964,433279.66101694916
18495,763687.3267326732
20995,454444.44444444444
6228,429735.71428571426
20396,570000.0
11869,730000.0
4088,535000.0
18853,551921.0087719298
7463,765000.0
19502,428850.0
20509,495000.0
19323,1445000.0
16015,692882.3529411765
4193,340000.0
565,417950.6
17611,312641.6904761905
8599,620596.4285714285
559,311148.6907216495
3402,190710.16728624536
9425,558267.4971098265
1295,412260.95588235295
16181,304348.4135802469
21286,305000.0
6551,505782.57575757575
5697,551919.2553191489
20691,454816.4
19185,250500.0
1225,381683.85714285716
15675,420518.82352941175
9063,460000.0
7787,230950.0
8077,532031.25
7296,440174.17346938775
19066,494265.4748201439
14084,435774.40476190473
20647,455633.3333333333
4030,500896.94444444444
4829,343500.0
2609,538662.981707317
7509,318915.12396694213
12928,341457.3484848485
2862,389025.9708737864
8838,1232409.0909090908
10776,855000.0
13382,520813.15789473685
21003,469000.0
5155,472914.86486486485
15376,993000.0
6100,514330.30303030304
9071,266300.0
15919,358600.0
6423,539760.4166666666
8146,752975.0
20427,361216.3333333333
19149,1015000.0
11668,427830.55555555556
4674,1131575.0
1174,675840.6896551724
18734,454816.4
3925,450000.0
10683,1160000.0
18924,686718.0285714286
6640,370887.85
5734,369000.0
17536,215000.0
5042,533377.9193548387
2220,394432.4324324324
4204,467628.3725490196
13122,309387.13636363635
10283,1284000.0
2349,603219.8611111111
3137,784400.0
14544,309000.0
18246,358072.965
2675,287301.1395348837
811,488340.03773584904
17181,404888.8888888889
15971,561750.0
16705,692500.0
1480,660746.6666666666
397,545454.9545454546
8155,697000.0
3656,221013.33333333334
9355,338308.18548387097
10057,338338.29411764705
13373,441807.6923076923
3370,545125.0
300,3000000.0
10676,269483.75
20789,533992.3939393939
16779,604925.0
4322,410338.8429752066
8996,800000.0
3625,384651.5306122449
20467,769900.0
14503,605287.2093023256
7244,358072.965
2447,336802.9411764706
8207,443000.0
17892,240975.0
3851,277110.8
33,601134.96
8339,711051.6666666666
989,507571.9298245614
20915,306000.0
20674,895900.0
8521,533570.1298701299
6215,399991.6666666667
13299,692400.0
13760,602000.0
5815,558155.5555555555
7666,250602.5
9157,603154.1666666666
14315,268855.4054054054
12364,870000.0
13651,348500.0
6364,429483.3333333333
17207,731606.0975609756
153,1400000.0
4646,317248.25294117647
7939,398788.8888888889
18903,398828.0701754386
506,533393.458937198
8027,424100.0
16036,668348.25
17419,202273.83333333334
19593,273679.4222222222
17131,276892.85714285716
10729,473720.9069767442
8486,317341.3333333333
18638,615000.0
14113,208413.7619047619
438,482264.4090909091
11944,980000.0
510,479593.3333333333
18397,247000.0
7693,477395.3488372093
7673,865000.0
15898,341908.3333333333
18688,550188.5714285715
2979,276642.50344827585
11826,522750.0
15496,353211.53846153844
7832,430303.3898305085
12440,571112.2689075631
21225,635000.0
2952,286900.0
1247,1502390.0
17371,778882.074074074
813,638788.2916666666
3971,568333.3333333334
9488,643859.6571428571
9489,347469.3548387097
13873,451840.9430894309
7227,552454.5454545454
13892,370076.61682242993
8419,300796.6666666667
9971,276987.5
19378,341694.29411764705
13573,1137500.0
16316,322173.07692307694
16638,391750.0
14096,1525000.0
18447,673573.7
13138,429950.0
11290,870075.0
11060,531576.9230769231
13503,390000.0
16126,695000.0
19452,214857.14285714287
9873,673573.7
14440,498468.23222060956
10332,310750.0
16607,545000.0
1398,525803.804347826
1289,411658.6206896552
9736,274092.1052631579
10457,660746.6666666666
18984,1010000.0
10814,475000.0
8744,533964.9056603773
4982,427500.0
16321,379770.0
1596,310541.6666666667
4714,571112.2689075631
8645,329765.97222222225
2401,459780.0
20199,362343.75
15190,401800.0
21432,715000.0
11471,1201428.5714285714
10144,246147.01086956522
13949,860000.0
1638,358878.1395348837
12004,616244.4
13725,676062.5
1300,535914.1708860759
13746,410338.8429752066
5717,430257.56666666665
11425,451665.85365853657
6958,224721.34615384616
20628,350920.93023255817
20956,643545.4545454546
14952,189119.52380952382
20612,328509.3888888889
10517,311920.0
8468,217187.5
10525,1274950.0
18317,559691.1881188119
19234,291000.0
227,246080.76923076922
15212,356730.0111111111
18600,240000.0
8214,304077.04
1850,305944.44444444444
6039,428000.0
10255,328523.7966101695
10156,447668.29801324505
9173,230000.0
13269,258025.0
16889,1057000.0
6396,198810.45454545456
12677,391250.0
7651,642562.5
3315,304348.4135802469
15016,450034.0909090909
21231,449900.0
8665,745093.3333333334
4115,538905.9322033898
21222,356342.85714285716
5232,462000.0
7322,456147.66025641025
10030,925000.0
6113,459000.0
9053,380569.32258064515
11447,549000.0
3142,226533.2857142857
4839,358127.5
19607,810000.0
7603,415750.0
13073,475000.0
9017,305000.0
10329,874490.0
15045,402751.4117647059
20227,430000.0
14238,294950.0
20750,340831.8181818182
5018,698790.45
4137,402295.0
6804,487595.03225806454
19701,549358.3333333334
2372,304372.44736842107
5692,286698.09808102343
246,1955000.0
10897,413973.3870967742
10860,302497.8855421687
16286,582273.8372093023
21189,525687.25
11408,587156.0975609756
6610,486862.7397260274
8715,438371.4285714286
21124,273187.5
10161,486940.0
21030,850000.0
4799,244670.58823529413
8864,277127.81666666665
20336,345000.0
3471,370493.75
12812,439078.94736842107
6603,793250.5
10893,289504.6875
4258,450049.77178423235
18525,653369.3548387097
20407,995000.0
19304,194908.131147541
20638,266652.4811827957
1475,566752.659574468
4043,559691.1881188119
15904,735350.0
4203,175000.0
15286,862474.7234042553
110,619027.0537634408
10359,245631.22222222222
16872,303247.0588235294
3661,228608.88888888888
12518,348070.56701030926
16417,586666.6666666666
9454,269316.9491525424
3058,750348.25
14715,533964.9056603773
18581,387663.63636363635
2124,609733.3333333334
551,1865000.0
415,568846.231884058
21337,393780.9090909091
11594,527183.2857142857
7494,804504.5454545454
9479,231731.33870967742
15389,637386.9565217391
19289,595207.0588235294
1892,410338.8429752066
12301,683964.2857142857
3198,208195.7037037037
15135,1316793.75
14480,325000.0
9973,292878.0
11480,425682.14285714284
7364,743063.6229508197
8887,791203.8461538461
11986,350000.0
10728,460000.0
18446,274005.0
21486,1335000.0
2366,776633.3333333334
15155,356730.0111111111
12793,195167.78846153847
1998,558069.0789473684
2713,1275000.0
2463,236239.70666666667
21149,988830.0
9660,665378.2603550296
4423,372000.0
8507,442611.1111111111
608,265049.01020408166
19597,182544.01923076922
4330,317341.3333333333
20135,280138.70967741933
918,236315.33333333334
837,427750.0
13689,441602.0163265306
3891,1001368.9655172414
1910,366899.69863013696
12511,363133.98529411765
2403,425173.11235955055
15416,353211.53846153844
183,220000.0
9681,535000.0
20497,557125.0
21498,590028.6885245901
6366,802843.4782608695
3764,428189.4736842105
14010,238749.8
891,740554.03125
5844,246147.01086956522
10159,300132.0
2293,388389.45454545453
9880,405463.63636363635
9426,268717.4761904762
5809,261312.5
1603,741092.3076923077
15557,280000.0
7012,152500.0
6811,273542.85714285716
8852,239215.04237288135
10853,581300.0
14953,1780000.0
8732,317997.5
221,273679.4222222222
15497,552028.5384615385
19298,730556.2142857143
10888,559691.1881188119
3136,403316.6666666667
10557,401169.9090909091
1916,525000.0
44,214333.07575757575
5846,632271.6666666666
16420,349161.7083333333
14912,446625.6842105263
2072,207368.66666666666
2794,1070000.0
20401,432344.6666666667
14949,382996.4285714286
6528,539950.0
6068,648750.0
5240,890000.0
18238,773689.6808510638
2360,208413.7619047619
17094,653437.0810810811
20779,380000.0
18093,455000.0
3774,405333.3333333333
2682,652640.2058823529
13901,412500.0
15976,246147.01086956522
14873,500896.94444444444
6135,822091.375
9503,446987.0238095238
14862,237927.53333333333
8620,368496.3898305085
4120,585000.0
19122,238400.0
8221,445000.0
625,206963.15789473685
16790,366484.6153846154
1522,290018.6785714286
2811,930335.0384615385
14314,363631.25
16372,868700.0
16401,581975.0
1953,390000.0
16708,542826.8161764706
16937,256500.0
5496,565000.0
3419,410338.8429752066
15745,927913.5714285715
1181,358117.873015873
7878,245387.57894736843
20438,525000.0
3231,1018333.3333333334
2798,328196.6666666667
12580,381571.4285714286
16184,1145000.0
16419,561380.0
18759,545454.9545454546
6269,584444.4444444445
16475,381988.8888888889
10206,395000.0
20517,293557.14285714284
5398,835490.4857142858
13691,458954.54545454547
19419,730774.8333333334
10040,511142.85714285716
20796,273679.4222222222
11091,292475.0
3607,518000.0
7083,673618.4166666666
19333,433000.0
14616,346329.1111111111
14562,224450.0
11640,341457.3484848485
1350,847000.0
6502,286698.09808102343
17885,716708.3333333334
10351,462525.0
20070,498468.23222060956
1808,665378.2603550296
5198,619351.3513513514
12026,525803.804347826
13987,464145.9052631579
12714,363750.0
19260,1045787.2121212122
1988,617500.0
5645,719950.0
1828,533964.9056603773
7839,328599.0
19511,432980.0
17657,950000.0
1385,527261.7647058824
2230,441562.1797752809
5190,762450.0
4173,968000.0
2590,579466.2268907563
13508,870515.0
21040,3000000.0
11904,436749.46875
14151,510000.0
3869,865000.0
2820,350722.7272727273
13117,382996.4285714286
6327,765000.0
11360,208413.7619047619
20919,324216.8780487805
11355,675000.0
1883,302497.8855421687
7569,578189.453125
10468,1325000.0
741,409500.0
21077,497629.24528301886
15361,404504.92957746476
5962,861666.6666666666
3484,525803.804347826
6770,1328000.0
19255,980712.5
18742,246677.22222222222
9264,325000.0
4368,451545.45454545453
749,388535.5263157895
9793,641183.4204545454
9417,657200.0
6828,696547.5535714285
10446,1715000.0
391,622666.6666666666
12461,321290.0
2999,507700.0
3106,443531.6666666667
5388,1048666.6666666667
12782,430000.0
16653,268987.5
8932,347261.8
8708,431246.71428571426
6619,578189.453125
4668,205188.70967741936
1070,608527.0833333334
8801,551333.3333333334
19568,649709.0909090909
11330,697125.0
21592,498112.9032258064
17422,265103.16279069765
11419,230000.0
15162,631083.3333333334
11457,415001.7837837838
168,684750.0
231,452988.23529411765
13394,293933.4117647059
18716,855000.0
72,520000.0
11531,830262.1546391753
6691,840000.0
20301,478830.0
2802,254696.58630136985
3525,309677.9555555555
19925,385675.0
12478,448600.0
12354,475200.0
18270,176998.95862068966
7739,511718.0
2038,310257.5
18066,650000.0
12831,415627.86
5632,675000.0
10134,558853.5221238938
6632,380749.75
1362,645831.5078125
3833,506290.84375
3930,241867.14285714287
8691,530833.3333333334
1732,2000000.0
12716,500000.0
11211,401366.6666666667
12370,3100000.0
19741,549358.3333333334
14126,509125.0
8230,474692.3076923077
10939,495878.5714285714
6847,375900.0
21037,311148.6907216495
21160,421643.23529411765
10264,1084555.5555555555
2711,305000.0
13094,462000.0
19563,265000.0
8893,577253.7196261683
20295,2328000.0
5623,485000.0
12635,305100.0
17264,264669.98
2907,500000.0
18756,741568.6818181818
10458,675000.0
82,350851.6666666667
5952,428733.5833333333
4414,342886.0
4909,502606.0606060606
17018,659479.3333333334
15617,550000.0
5455,735000.0
11726,402457.6
15695,593333.3333333334
17762,240075.54945054944
9765,455000.0
13917,543650.0
21453,413209.4761904762
20707,418831.6385542169
20014,457000.0
10840,950000.0
14428,966000.0
14518,407445.06172839506
4325,419921.4285714286
11684,494554.85714285716
19056,530000.0
8005,818602.2413793104
4871,615084.6153846154
7932,673618.4166666666
15594,575000.0
14917,398828.0701754386
8942,378784.0416666667
8421,304178.1494252874
8449,422702.30508474575
92,206175.74869109946
13697,865950.0
324,241502.0292397661
20437,409971.5
14651,396000.0
20012,532000.0
13828,451351.92307692306
10227,209960.22222222222
15103,430257.56666666665
13279,792666.6666666666
702,775000.0
2085,2700000.0
13933,330686.2068965517
1841,895566.1290322581
12933,467628.3725490196
17283,405100.0
20157,775000.0
7533,412859.67647058825
875,666832.5
4390,278766.6666666667
18861,1198000.0
17979,569857.085106383
343,270250.0
2404,718434.5161290322
7985,874878.0487804879
4904,311798.14953271026
16478,558964.2857142857
4722,502791.49411764706
4835,193872.77777777778
1026,345633.3333333333
4760,974250.0
19738,349161.7083333333
8464,364666.6666666667
3719,317053.3620689655
9767,388535.5263157895
7080,512219.60784313723
14895,248776.31578947368
11910,566901.0
7648,314880.0
13265,519142.85714285716
12664,297691.2580645161
12404,353211.53846153844
2984,925000.0
19256,615000.0
20126,928990.0
9916,592991.6666666666
11578,417739.35714285716
5601,252772.80434782608
19758,1440000.0
20038,439828.2197802198
21153,739080.1428571428
16672,407871.88372093026
1421,341457.3484848485
10949,1605000.0
21173,669785.7142857143
4883,197597.56097560975
12731,517400.0
1141,402611.1111111111
10892,451665.85365853657
3008,625000.0
12676,664452.05
21283,1040892.0
2052,327210.09803921566
20055,341357.1111111111
9745,835000.0
21109,337735.71428571426
18263,441602.0163265306
5002,310287.56
19899,474950.0
12787,265000.0
16429,822000.0
19982,488340.03773584904
17276,357225.2471042471
5637,512195.28301886795
3227,358007.4827586207
12175,493361.9220779221
18490,592576.1627906977
7437,446000.0
921,430000.0
12603,581716.603960396
11350,582981.36
10106,444862.5
13149,312333.3333333333
1869,600000.0
5435,656387.5
10485,238348.67248908296
4836,546000.0
21257,472070.8333333333
5761,292500.0
7687,486862.7397260274
4271,357500.0
11666,648171.4285714285
1925,486862.7397260274
12372,533393.458937198
13863,349937.9791666667
12885,762000.0
18788,419000.0
859,247000.0
8641,436000.0
15864,283756.79545454547
16237,187606.9490909091
20831,484950.0
12499,443870.8333333333
4719,423617.7419354839
5045,268500.0
21118,822569.75
16125,750000.0
19287,348997.6935483871
12637,624230.7692307692
15018,288162.2807017544
16958,290606.25
19504,516867.64705882355
16318,273679.4222222222
6700,495153.900990099
3094,439078.94736842107
17354,486940.0
3610,582273.8372093023
1312,569280.6034482758
2908,511367.1875
21371,439408.0
6038,543362.5
10536,1040000.0
14822,1851000.0
2779,260368.02197802198
15242,276642.50344827585
12726,527261.7647058824
2858,1450000.0
4424,347333.3333333333
832,261333.33333333334
16317,558853.5221238938
14321,725000.0
6089,237000.0
13958,545311.0294117647
17898,304348.4135802469
10350,574847.1111111111
17970,614223.4606741572
20458,1113400.0
8396,505100.51851851854
9923,802487.5
15765,675000.0
12528,241000.0
15412,266845.7843137255
2377,439069.8113207547
8364,402038.46153846156
9655,476000.0
8637,663543.5
8834,304077.04
17467,320903.4090909091
21484,802945.0
14573,414818.1818181818
11978,641050.0
2591,413973.3870967742
8793,541376.5384615385
1113,637386.9565217391
7542,950535.2727272727
2573,422061.7752808989
20598,415000.0
5453,475100.0
5680,1034500.0
8243,701697.8918918918
20381,909500.0
16331,286956.8181818182
21606,1050000.0
10434,320286.987654321
15197,803000.0
1013,543362.5
15895,642562.5
2430,322624.48780487804
1301,387530.57272727275
8540,910000.0
6907,628178.3409090909
7947,266652.4811827957
21060,637850.0
18805,539297.6744186047
4124,221408.33333333334
8488,214333.07575757575
8985,540634.2105263158
10048,249486.16194331984
11218,358862.63157894736
6880,722574.5706214689
10598,296750.0
19470,274092.1052631579
4360,652640.2058823529
4796,635941.6666666666
21028,283082.1505376344
2093,603515.7608695652
6487,500000.0
5215,435780.24590163934
11174,524888.8888888889
20843,864149.6551724138
3195,364999.3333333333
20212,268987.5
16537,295000.0
16691,367535.7580645161
10611,488001.4827586207
17495,253187.77777777778
3498,674006.7164179104
19448,263502.63157894736
16613,616333.3333333334
6735,490000.0
2131,451840.9430894309
7632,899000.0
81,299535.24705882353
2752,801600.0
10315,368000.0
6027,237178.36842105264
9255,451015.3846153846
2364,545000.0
11414,300000.0
16077,543983.3333333334
10478,203226.47887323942
19322,679110.0
419,1610000.0
2311,575000.0
945,389542.35714285716
16213,528026.4705882353
10610,488001.4827586207
3085,258126.08695652173
9258,725300.0
19635,1061604.0
10482,534000.0
3403,267225.0
21282,662130.1298701299
12643,260219.5483870968
6639,440272.22222222225
7212,324219.93333333335
5707,404577.2105263158
10385,1090000.0
10634,570000.0
18535,1328312.5
20940,625000.0
8952,577253.7196261683
19450,857314.7058823529
11002,317541.8918918919
10871,619027.0537634408
12610,200434.0909090909
10463,506000.0
21314,519000.0
7115,762652.7222222222
4744,355302.9268292683
10213,762652.7222222222
3095,353211.53846153844
1236,255326.92307692306
19481,420000.0
11155,250000.0
1662,1175000.0
20372,339666.625
17677,635544.7112676057
9430,365934.44444444444
16130,468583.3333333333
10551,535914.1708860759
12230,372206.2571428571
4679,551000.0
4921,738000.0
9533,371012.7659574468
20096,1398916.6666666667
7471,277041.6666666667
12750,319794.64285714284
12784,835000.0
18139,471250.0
3908,539184.9677419355
10244,929846.1538461539
3345,448600.0
2032,244718.42105263157
5082,339637.5
16542,333587.2916666667
6064,258025.0
1436,697000.0
7127,2180000.0
3247,435440.0
5747,1300000.0
6612,532017.3913043478
8543,471316.14545454545
6482,421846.1538461539
11683,506666.6666666667
17725,511849.6551724138
4429,338177.8947368421
14069,201068.7106918239
17252,745714.2857142857
8440,600000.0
7562,459234.8846153846
9086,464950.0
8720,412000.0
17807,293288.48484848486
18951,554222.2222222222
3505,446639.5833333333
866,481375.0
12521,650000.0
18930,402295.0
11985,525645.6521739131
17108,422702.30508474575
9617,264241.17647058825
3577,262957.8947368421
4948,521644.2105263158
19530,438162.0740740741
10751,458000.0
11268,1250000.0
18698,317684.28571428574
20158,321192.1875
19818,362343.75
12981,339242.85714285716
717,649153.8461538461
470,245067.82558139536
8516,1000000.0
1468,358072.965
15522,910000.0
12756,772742.8571428572
3830,411318.0
4502,533387.0172413794
14345,333190.0
8002,390750.0
3272,648000.0
8369,565000.0
13498,867500.0
14456,1400000.0
10818,317248.25294117647
10726,438500.0
14743,718434.5161290322
18737,382662.36363636365
4364,327611.70588235295
2521,296445.45454545453
3736,382850.0
85,880000.0
6772,368106.49
2782,354642.85714285716
9400,228500.0
3257,1050000.0
6023,725000.0
13763,660087.5
8959,429822.22222222225
8527,722650.0
7778,190201.39830508476
213,440581.1034482759
16390,311058.47826086957
9814,561923.0769230769
12591,915000.0
15673,425173.11235955055
7977,638788.2916666666
13792,193880.0
5679,569280.6034482758
16671,407871.88372093026
16535,455000.0
15333,487730.29411764705
3049,285111.1111111111
11029,421530.45652173914
21269,368000.0
14173,287301.1395348837
9429,334963.65853658534
3119,367000.0
8326,555000.0
9929,553937.5
18171,398640.8076923077
16976,270255.3070866142
13283,495000.0
18789,585000.0
20776,768300.0
17202,415001.7837837838
12633,380307.6923076923
11394,450000.0
13594,298208.3333333333
17740,336777.77777777775
9485,293000.0
3561,498468.23222060956
14638,940000.0
20581,280000.0
13998,603000.0
19262,1600000.0
12466,346757.14285714284
19238,285576.92307692306
15241,1029900.0
6440,509027.397260274
14867,202273.83333333334
12221,455000.0
618,268904.7619047619
17338,745093.3333333334
820,291000.0
12474,394868.13636363635
18076,430854.54545454547
8405,1100000.0
2932,191859.08
14139,950000.0
6036,464194.7368421053
15643,513845.5681818182
13198,445000.0
15744,531000.0
12858,441602.0163265306
4576,239649.96875
5921,308135.71428571426
2371,490000.0
12146,208638.71794871794
18651,830941.1764705882
19968,715000.0
2578,1133333.3333333333
8395,312700.0
11916,232560.7
2206,239215.04237288135
17973,436749.46875
11117,451840.9430894309
6755,331166.6666666667
442,629066.1875
18499,433562.5
16870,664452.05
14479,749950.0
1201,543333.3333333334
2507,622139.4090909091
11293,507571.9298245614
20080,660000.0
10454,304077.04
6060,659500.0
14626,242300.0
14110,457000.0
7150,255468.115942029
11284,1750000.0
2055,315471.48076923075
18477,2479000.0
12824,205188.70967741936
7663,1476000.0
18574,330947.14285714284
21138,438441.1707317073
18249,417488.3561643836
8137,355000.0
21009,870665.0
7435,404100.0
12605,725000.0
8268,436483.3333333333
14171,192642.85714285713
10378,1215926.0
12540,451840.9430894309
2073,260000.0
9093,345342.1818181818
11364,892100.0
6405,408502.2727272727
10272,190782.22222222222
6004,755388.0
2893,534422.2357723577
3069,289195.0
4707,327212.5
18046,320000.0
2510,191859.08
8500,335597.2972972973
8876,345000.0
8093,619027.0537634408
20656,731781.0
13538,304487.5
10200,504057.10638297873
21157,827675.0169491526
10937,292500.0
7350,875000.0
13112,318915.12396694213
5508,545454.9545454546
19488,242666.92307692306
1772,568846.231884058
18636,701697.8918918918
2939,385450.0
21360,253638.13559322033
1073,740000.0
9174,246189.70588235295
19493,323449.17391304346
17562,182544.01923076922
16648,556452.6041666666
15107,229043.75
1455,359248.218487395
20383,445562.5
17718,342000.0
8547,498468.23222060956
20116,442933.3333333333
18261,700000.0
9332,233476.94017094016
19498,325008.407079646
16047,259892.85714285713
9090,436749.46875
18673,510000.0
8026,307444.44444444444
3153,1713384.6153846155
18468,216180.0
16786,712375.0
18530,458660.375
20523,502191.82692307694
420,464145.9052631579
12586,983229.125
7065,363489.70588235295
1440,959750.0
869,294000.0
10618,582257.1428571428
13153,878818.1818181818
6201,355229.90196078434
11341,460790.0
776,324216.8780487805
3917,341051.3888888889
15169,685000.0
12316,512572.5
6821,404577.2105263158
13557,412260.95588235295
1383,619027.0537634408
16980,422061.7752808989
7597,860000.0
4856,240415.0
14514,286181.8181818182
14753,395316.6666666667
4207,363600.0
4182,432500.0
8126,246169.32492113565
16743,248897.1106557377
15600,608500.0
7827,942000.0
2641,1003000.0
3987,375933.3333333333
16721,550000.0
2028,290919.44444444444
11103,290018.6785714286
7812,274005.0
18184,370639.28571428574
15029,270285.71428571426
10012,436749.46875
4158,735987.2352941176
11562,371166.6666666667
2797,534422.2357723577
17997,652500.0
18301,520400.0
7210,625000.0
9527,1075000.0
8955,627160.0
12082,341457.3484848485
20763,500000.0
7377,800000.0
21367,718000.0
4610,239215.04237288135
4678,765000.0
17555,535000.0
5234,516824.4451219512
10633,923316.6666666666
5029,930000.0
19243,560333.3333333334
12614,852441.0344827586
15844,317541.8918918919
35,634950.0
5793,750569.1458333334
17474,787500.0
13531,223371.53846153847
10754,520216.2162162162
2462,553153.8461538461
6469,260599.0
14823,502606.0606060606
15679,1100000.0
4403,279266.0933333333
4289,553177.2727272727
1427,521193.75
18689,420518.82352941175
2232,450581.3953488372
10414,223993.33333333334
8391,514344.64285714284
6596,645831.5078125
15523,209666.66666666666
9241,574847.1111111111
19425,698790.45
18799,359490.1395348837
2141,183500.0
14641,303029.8095238095
1945,2300000.0
11234,447080.0
12222,422700.0
2539,436749.46875
5500,558853.5221238938
12224,245067.82558139536
19471,927000.0
2483,542114.9166666666
3669,510602.5
18421,305000.0
2843,425682.14285714284
5036,252001.17894736843
16362,650000.0
18098,827151.724137931
16269,366899.69863013696
13032,662654.0158730159
17992,426791.93548387097
18025,650000.0
4349,348000.0
5739,1200000.0
8953,651099.9178082192
9532,286514.28571428574
88,309652.17391304346
5221,664400.0
1633,254696.58630136985
21268,469995.0
9233,604658.3333333334
8316,590031.4251497006
1296,694300.0
6923,388236.36363636365
5700,248561.7857142857
13459,629202.4838709678
2868,611343.6206896552
14674,635941.6666666666
11441,805400.0
3920,570549.494949495
18295,360610.9375
11622,387530.57272727275
3455,899950.0
1054,646250.0
2985,718434.5161290322
7045,767636.3636363636
13865,202273.83333333334
12307,343082.76785714284
407,268990.0
9907,417000.0
6383,629900.0
21073,558299.5263157894
3312,371493.0
953,731250.0
11983,329306.6525423729
14934,258948.98507462686
12395,566752.659574468
17002,833569.3888888889
16165,415465.9303482587
18125,324341.2
5299,411343.30569948186
4891,525000.0
2996,324248.60869565216
6789,551919.2553191489
19553,488785.71428571426
16505,521644.2105263158
15301,322170.0
13120,452988.23529411765
801,1051000.0
16574,180236.28455284552
17017,306000.0
11221,827151.724137931
19526,905708.3333333334
5282,484000.0
18266,1280000.0
4806,519555.55555555556
2784,371614.0
7380,973250.0
14897,310950.0
21488,842443.125
10890,462283.3333333333
20583,810550.0476190476
4677,484250.0
2039,310257.5
14722,252602.1121794872
15949,185135.7142857143
7225,251148.4126984127
2918,317053.3620689655
12017,1110555.5555555555
3145,501265.09523809527
1189,343082.76785714284
4380,368211.76923076925
9918,643877.8333333334
5480,854154.7263157895
10801,455150.0
13756,182544.01923076922
5244,442492.5925925926
1798,518000.0
11477,556666.6666666666
17528,199967.64748201438
3782,459250.0
1359,624230.7692307692
13642,515000.0
20332,429362.6923076923
20493,1156111.111111111
18237,518545.45454545453
16474,411343.30569948186
5853,464194.7368421053
19194,871070.8333333334
1084,437500.0
5246,261563.46153846153
4370,593737.5
10901,454243.10256410256
8454,324219.93333333335
10258,366899.69863013696
15796,442395.5882352941
14030,2180000.0
19623,359667.75
18561,453759.900990099
18334,500000.0
19472,212256.66666666666
18630,663968.75
4386,600000.0
6437,202501.91346153847
482,768000.0
597,669975.0
4017,773689.6808510638
21057,930335.0384615385
1433,1580000.0
18065,293255.67142857146
17890,429428.5714285714
5028,359490.1395348837
13106,465376.90566037735
14055,365000.0
3629,343000.0
10215,265154.2380952381
15094,491326.85185185185
12046,297257.14285714284
1017,459234.8846153846
10408,275697.64705882355
6890,250990.625
18980,885250.0
18348,312879.5396825397
14164,359490.1395348837
2079,1022305.5555555555
4915,765000.0
1524,442395.5882352941
9444,325030.14285714284
2336,335597.2972972973
8723,246271.05263157896
14304,453571.4193548387
3475,512000.0
6377,810000.0
17013,1302500.0
2098,487807.14285714284
620,297025.08176100627
2806,448000.0
11064,342426.1111111111
18695,603219.8611111111
15778,379651.0416666667
18371,390000.0
15213,1147500.0
12268,351833.3333333333
20716,451015.3846153846
1520,250098.07692307694
3289,248897.1106557377
1114,464144.6203703704
2000,537012.7450980392
19710,818602.2413793104
7968,512219.60784313723
5539,237063.5849056604
8401,325000.0
12897,568846.231884058
629,608497.96
21090,755618.75
8578,541800.0
6111,249647.6888888889
9296,458962.8850574713
2459,635544.7112676057
20549,603000.0
20113,460000.0
17242,629950.0
20298,297316.6666666667
7422,268274.98773006134
3874,225000.0
12886,400700.0
18730,757153.8461538461
1530,1150000.0
941,345633.3333333333
10907,619868.0
5919,835490.4857142858
9036,407897.87234042556
21406,422867.8205128205
21319,525000.0
21584,356181.8181818182
17491,329350.0
5595,545454.9545454546
11257,2600000.0
10065,422061.7752808989
18277,545000.0
5126,309000.0
15069,764363.6363636364
19316,242751.42857142858
14212,816409.8723404255
12412,650666.6666666666
4797,328427.7155172414
6055,312500.0
1758,627227.6
5618,457235.5052192067
455,590000.0
21006,362209.0
11936,833569.3888888889
884,808000.0
15175,439828.2197802198
613,668348.25
2560,630574.3333333334
5794,527183.2857142857
8755,285000.0
19212,502802.8
9750,895000.0
4316,1400000.0
555,736500.0
8277,545000.0
21274,525687.25
19745,325000.0
9375,1175000.0
20244,1442259.2592592593
15277,772742.8571428572
8129,275045.8333333333
7622,561942.4848484849
11697,825000.0
1991,346000.0
14134,502961.5789473684
1604,231355.61403508772
16236,233372.22222222222
21045,487251.4285714286
6529,324216.6666666667
2114,266652.4811827957
20652,666832.5
20319,329554.1875
4084,304372.44736842107
20768,424900.0
2786,360000.0
12546,182544.01923076922
3323,379028.5714285714
4570,424305.0
10121,663350.0
4140,1039000.0
17096,502802.8
4141,558853.5221238938
14787,252001.17894736843
8300,276745.1612903226
13775,445846.4117647059
14861,447000.0
11166,527261.7647058824
6968,358007.4827586207
15457,349161.7083333333
11614,321732.5961538461
11919,441602.0163265306
9013,593142.8571428572
9778,470000.0
12846,919990.0
2277,533377.9193548387
3087,335581.25
7218,534422.2357723577
16971,241945.83333333334
16699,224721.34615384616
14590,615923.0
4077,696547.5535714285
15909,447700.0
2958,904131.5789473684
12108,466020.6855670103
1621,311148.6907216495
15922,594682.0465116279
8375,1336862.5
15170,545311.0294117647
7487,626765.3846153846
1578,492516.97247706424
13286,540000.0
6869,305015.0
12764,417000.0
20323,552028.5384615385
11288,466568.91891891893
17446,381813.63636363635
19340,741155.0
12436,313959.0869565217
2717,1050000.0
17340,238348.67248908296
17299,315479.3461538461
9190,511849.6551724138
11148,360000.0
13371,541047.2333333333
18108,312424.50980392157
7473,327210.09803921566
2182,489568.9655172414
5481,512195.28301886795
11450,578189.453125
11203,480992.85714285716
8076,363189.5061728395
15510,295739.35135135136
4593,767450.0
13978,1190000.0
4,539636.3636363636
12995,239401.38888888888
17511,810550.0476190476
20806,370000.0
3660,428000.0
8487,1098000.0
11417,815949.4166666666
11499,322436.0
9191,318915.12396694213
7815,653333.3333333334
2528,605000.0
196,459000.0
16365,241502.0292397661
13380,450510.71698113205
5265,224721.34615384616
10593,722650.0
12178,538537.5
5837,249486.16194331984
7146,708802.8301886793
3003,286956.8181818182
12983,500000.0
20735,289000.0
17132,265049.01020408166
12438,628178.3409090909
14600,250000.0
11535,1950000.0
15196,600555.5555555555
13393,291545.45454545453
20477,370290.0
4405,498468.23222060956
15636,271401.6666666667
19763,506141.4285714286
5558,311058.47826086957
2644,656375.0
16268,850000.0
15183,482222.22222222225
20787,499098.3333333333
5903,418179.7619047619
7772,329950.0
7511,466020.6855670103
13429,427108.8888888889
6643,569280.6034482758
8145,375531.8181818182
10194,445981.8181818182
7272,1045787.2121212122
1012,842881.375
18215,312741.6666666667
13581,445538.5
15702,474666.6666666667
8019,277094.64285714284
18089,320662.28571428574
21608,414833.6666666667
14879,672692.8571428572
1544,572041.6666666666
13680,277731.9968847352
5728,533964.9056603773
16075,398828.0701754386
3310,400636.36363636365
10543,252344.11764705883
20337,544746.6666666666
20067,808000.0
9336,596346.4536082475
11,468583.3333333333
11501,350796.0574712644
7319,380307.6923076923
8157,254696.58630136985
14541,705989.3636363636
11313,636803.8461538461
12746,455666.6666666667
5774,607500.0
13016,441602.0163265306
19567,224968.85185185185
14277,441559.0909090909
20063,318300.0
18721,566092.6829268293
792,1162357.142857143
12403,296350.0571428572
7429,252001.17894736843
7501,1270000.0
7202,525000.0
13533,286956.8181818182
644,451015.3846153846
4286,260599.0
12889,218333.33333333334
21038,349161.7083333333
3780,459780.0
21558,531562.5
310,797708.46
8259,387702.8888888889
20817,458924.0740740741
13249,478774.83838383836
21043,365346.2962962963
17805,462936.7346938776
5616,729209.5238095238
12819,241502.0292397661
5041,378225.0
2247,594682.0465116279
13175,532642.21875
20962,151000.0
9046,315471.48076923075
687,515000.0
6801,654409.1363636364
4218,1800000.0
9520,533570.1298701299
6974,289260.5263157895
4567,604742.9166666666
6889,254696.58630136985
1792,205611.67857142858
17928,444000.0
11843,1368682.0526315789
12021,415465.9303482587
18172,214333.07575757575
18669,535000.0
3914,3418800.0
370,317341.3333333333
14013,1326845.85
387,312424.50980392157
6020,329306.6525423729
3298,653885.1777777778
13559,236239.70666666667
14658,315408.82352941175
8571,675170.0
17326,202501.91346153847
1863,747500.0
7193,623867.3913043478
3019,252602.1121794872
4527,265049.01020408166
20236,544800.0
5507,611886.3432835821
5281,570386.25
2047,450049.77178423235
1915,533722.2222222222
18364,246909.0
9738,533964.9056603773
1622,813600.0
17529,387702.8888888889
13403,948973.3333333334
20233,1825000.0
5886,895000.0
12140,637809.8684210526
10552,399300.0
8988,674447.3684210526
16467,320000.0
248,260000.0
19233,610575.2692307692
2664,726879.7619047619
1332,540000.0
9088,267500.0
10407,917510.0
10208,559383.0
4615,322173.07692307694
12207,605287.2093023256
8363,438371.4285714286
10724,320000.0
20462,335000.0
8904,780000.0
5607,821790.625
6570,317248.25294117647
20064,557567.9180327869
15721,623223.5714285715
3267,861708.2561983471
4860,653437.0810810811
10186,347823.8095238095
16114,425868.75
16370,464144.6203703704
4106,970000.0
5206,800500.0
2776,250928.57142857142
14394,509027.397260274
8275,182627.39361702127
18466,304348.4135802469
16683,496000.0
1960,687036.2807017544
15443,494265.4748201439
20037,705000.0
5869,382500.0
4211,1395713.0
19529,1890000.0
8498,345840.0
600,565023.75
13008,283082.1505376344
15258,2300000.0
6668,680000.0
13002,912000.0
7899,348524.1473684211
21264,597517.5
12647,313959.0869565217
8564,338408.3333333333
10912,482264.4090909091
8976,545000.0
18920,429950.0
20954,525687.25
15065,349041.14705882355
7842,343402.77777777775
10599,392100.0
332,303000.0
10925,368404.6296296296
10217,671666.6666666666
15635,223371.53846153847
3208,342289.4736842105
5115,495153.900990099
13969,603940.0
11864,650000.0
5953,738088.2142857143
9226,619027.0537634408
1104,723638.2307692308
10766,1050000.0
20220,246169.32492113565
5119,333682.4324324324
1747,299990.0
8973,386662.5
10429,638788.2916666666
16545,378746.1538461539
13527,1075000.0
16132,403961.25423728814
20558,643877.8333333334
6839,349937.9791666667
19007,575000.0
10204,635544.7112676057
5604,263426.6666666667
15825,840500.0
17217,413833.3333333333
8291,297025.08176100627
2385,297025.08176100627
14262,650688.6153846154
20724,555000.0
6463,253703.78787878787
10924,340000.0
14283,182544.01923076922
7638,355000.0
8162,482264.4090909091
16017,687694.0
2951,691538.4615384615
9405,313228.5714285714
10064,527160.0769230769
9009,305000.0
14869,296756.4516129032
1513,214857.14285714287
17768,313142.85714285716
1599,481624.0
8842,557567.9180327869
12390,473720.9069767442
16828,650000.0
3501,585000.0
3847,448031.25
19643,745746.5909090909
17300,559691.1881188119
7372,654136.9191919192
11175,266375.462962963
18003,525000.0
12030,333587.2916666667
19860,297697.5
18489,468990.756097561
14319,397800.55555555556
12297,800653.0487804879
15000,252602.1121794872
2012,513950.0
4732,590031.4251497006
19162,419700.0
14642,970000.0
13750,500000.0
1715,363133.98529411765
15049,2050000.0
201,336035.29411764705
20825,368537.16071428574
15182,526916.6666666666
12092,304166.6666666667
21253,607337.8850574712
21586,488001.4827586207
13609,538905.9322033898
10172,451000.0
5606,527160.0769230769
12131,246147.01086956522
9410,555000.0
5384,619500.0
11945,1250000.0
4884,312707.2641509434
9633,252772.80434782608
14859,1325000.0
10865,303886.625
10930,368404.6296296296
21602,239215.04237288135
2370,570000.0
9528,497916.6666666667
11740,594682.0465116279
7160,605000.0
21155,337238.0
1282,1240000.0
10579,317556.25
12993,244196.0
15482,2700000.0
12747,362862.5
20745,572800.0
14524,495243.75
9616,551921.0087719298
17007,415000.0
134,862000.0
9018,653322.3823529412
17687,466813.1282051282
3253,410214.28571428574
17627,389025.9708737864
5459,619351.3513513514
7040,266652.4811827957
15298,295228.3783783784
13257,960000.0
5754,668348.25
8623,182627.39361702127
8572,248897.1106557377
15359,274565.3333333333
18806,950000.0
19624,780559.5
19401,224721.34615384616
1463,533377.9193548387
18679,270893.6504854369
5120,238590.625
199,320000.0
19311,404504.92957746476
4127,421643.23529411765
8202,400000.0
3991,506950.0
6826,401083.3333333333
15863,423208.32692307694
4639,443950.0
15043,298000.0
9064,496537.5
8343,348500.0
10211,245000.0
5694,551919.2553191489
21534,607337.8850574712
11351,277731.9968847352
8305,511000.0
4633,1262866.6666666667
5191,340898.3870967742
11730,665000.0
3347,1080000.0
7818,714612.5
7287,535914.1708860759
10678,327862.5
18727,214975.0
7659,546857.1428571428
17271,400375.0
3875,470296.1538461539
8370,330686.2068965517
21223,576137.0967741936
10449,667896.2962962963
15592,1855000.0
10341,664452.05
6202,423617.7419354839
755,259050.0
6948,325000.0
9625,300065.06153846154
1827,347261.8
17306,800000.0
19612,910000.0
12200,495000.0
13372,579466.2268907563
15131,182544.01923076922
4828,600000.0
17572,299535.24705882353
3563,620000.0
3148,520813.15789473685
15680,784385.1851851852
7008,1283500.0
10199,660898.8333333334
18255,421360.40206185565
8201,288231.84057971014
20022,469000.0
2874,526000.0
14355,895000.0
14186,321100.0
4620,252772.80434782608
17671,542826.8161764706
19852,418000.0
4784,458111.1111111111
4954,496500.0
69,1277500.0
5729,665378.2603550296
2621,439078.94736842107
11371,571822.3529411765
10861,486862.7397260274
21568,1535494.2
15537,414139.28571428574
444,202501.91346153847
20655,825000.0
8573,665000.0
2078,242222.22222222222
10775,398788.8888888889
13852,401169.9090909091
15407,283588.9903846154
7767,203226.47887323942
9081,715432.1212121212
4015,929846.1538461539
8640,252001.17894736843
170,302497.8855421687
18313,766950.0
7841,340898.3870967742
13118,324474.0740740741
11598,1150000.0
542,330033.3333333333
7374,247938.72972972973
7819,262931.0
1297,425000.0
18481,180236.28455284552
16255,264638.3333333333
2123,730774.8333333334
4438,571857.1428571428
16785,302296.8
11840,329306.6525423729
427,1080000.0
14878,701697.8918918918
17378,205611.67857142858
9359,321725.0
17427,358072.965
10278,1062857.142857143
13600,375000.0
18895,300345.85714285716
17284,627264.3243243244
6562,338999.2037037037
490,472500.0
15576,463278.0
1976,532500.0
12242,279073.07692307694
1866,460653.17391304346
3969,344985.71428571426
7,220090.0
339,291000.0
18068,399640.243902439
12834,190782.22222222222
11518,356330.76923076925
5522,691960.0
6095,680000.0
10931,209960.22222222222
20429,705989.3636363636
19941,371664.5882352941
16860,582273.8372093023
11181,655000.0
942,556200.0
18370,333996.25
4468,1325000.0
5631,781500.0
3380,495217.5675675676
9445,320000.0
16523,554965.0379746836
12942,248897.1106557377
736,519375.0
10439,329306.6525423729
10854,537012.7450980392
20034,386732.9743589744
7189,259580.0
16932,494986.7090909091
12773,602292.2285714286
3640,231731.33870967742
1148,599815.3464566929
3697,628178.3409090909
1253,500340.0
16897,1115000.0
5792,571822.3529411765
17387,393932.95967741933
11188,434772.8461538461
20081,607337.8850574712
4625,325867.3611111111
2036,607337.8850574712
20540,365782.14285714284
14405,482975.0
13411,3300000.0
12630,248897.1106557377
3543,332765.0
13561,415465.9303482587
18541,436618.75
14994,222519.62025316455
16072,403298.0
11464,281745.45454545453
10125,823154.5045045045
13146,834950.0
4563,182627.39361702127
17510,251148.4126984127
11183,408000.0
3600,256000.0
9594,236591.60416666666
7214,420000.0
18141,305788.23529411765
4559,900000.0
8777,480000.0
4696,1210000.0
1242,415000.0
272,241500.0
11018,956000.0
10994,550000.0
14424,788474.8536585366
4733,930000.0
17029,259892.85714285713
4792,616244.4
7483,390666.6666666667
4310,423617.5
14637,398000.0
4314,810000.0
8061,533387.0172413794
17251,616000.0
14258,721000.0
1304,423617.7419354839
13301,208638.71794871794
13347,333530.55555555556
17205,765333.3333333334
6558,817362.0689655172
9815,200434.0909090909
13837,550000.0
871,464144.6203703704
7930,258948.98507462686
16936,351661.0057142857
4838,283131.25
4785,366484.6153846154
12561,975000.0
7167,451101.0
3075,533423.1707317074
10876,241502.0292397661
6654,469000.0
16973,566092.6829268293
14689,595800.0
819,253555.55555555556
20246,459330.32258064515
8084,639555.5555555555
7996,480000.0
15112,533200.0
16219,622139.4090909091
7177,297025.08176100627
21456,454816.4
17175,603515.7608695652
5973,266652.4811827957
17281,304077.04
21386,430257.56666666665
4726,722574.5706214689
2745,862173.9375
4907,550000.0
13582,277731.9968847352
15300,309831.0406504065
14287,726310.0
2647,559691.1881188119
18268,265000.0
13245,544900.0
6183,473720.9069767442
20443,415000.0
292,348070.56701030926
11863,529913.3333333334
5822,221269.42962962962
4300,369000.0
3057,260368.02197802198
1698,344821.5460992908
6443,542826.8161764706
17841,182544.01923076922
19757,453586.8292682927
2029,340000.0
19991,311817.7419354839
6927,392240.0
13968,283756.79545454547
10488,535000.0
8866,214333.07575757575
12351,975000.0
5071,662654.0158730159
17976,337517.85714285716
19127,619027.0537634408
8483,840871.75
18383,430257.56666666665
12673,487807.14285714284
15344,277731.9968847352
2151,463428.5714285714
20518,1328312.5
4622,534658.7333333333
12235,861708.2561983471
10802,418390.625
8338,664201.2698412698
2739,551921.0087719298
3435,237063.5849056604
9396,429735.71428571426
18876,1110000.0
10819,337500.0
10958,1562000.0
994,184002.0119760479
13474,550000.0
13520,387500.0
7652,1715000.0
20923,1350000.0
7259,414139.28571428574
18549,209960.22222222222
5461,550000.0
7572,363133.98529411765
12247,254032.8947368421
20514,436285.71428571426
18006,214975.0
14650,554965.0379746836
15598,678500.0
18154,712375.0
239,575000.0
14167,579466.2268907563
18480,357585.7272727273
15733,1215000.0
20082,502191.82692307694
435,657000.0
17026,382714.28571428574
16841,452876.05263157893
20951,695000.0
2278,622204.4038461539
16906,230680.48780487804
11564,420902.2727272727
16137,525000.0
5322,551000.0
14049,290373.0604982206
12651,800000.0
7890,232560.7
9300,519000.0
7323,447668.29801324505
14078,840000.0
9631,401000.0
5421,190710.16728624536
12504,316646.9411764706
16140,395000.0
7649,570549.494949495
8497,300994.2173913043
12727,569280.6034482758
6995,385000.0
17980,1610000.0
4711,599815.3464566929
11790,218503.66666666666
7552,437541.2
16939,351661.0057142857
389,422702.30508474575
1565,927913.5714285715
20377,664452.05
16157,542386.2837837838
3135,257828.57142857142
17286,531000.0
943,870000.0
20243,323449.17391304346
296,251333.33333333334
9861,862065.5333333333
12728,676338.7263157895
2894,833569.3888888889
15558,292000.0
1186,237063.5849056604
6158,415000.0
17938,731000.0
11872,299535.24705882353
8920,265049.01020408166
9683,412260.95588235295
1393,415465.9303482587
18797,282510.0
16935,335000.0
6660,429735.71428571426
11025,738000.0
18228,229500.0
4846,690000.0
16999,411343.30569948186
6863,415001.7837837838
4864,369529.4054054054
13100,537750.0
9253,1575000.0
4281,487386.36363636365
1124,559383.0
9114,655500.0
17023,418179.7619047619
9252,683322.8481012658
662,390666.6666666667
15991,682452.9411764706
15411,450049.77178423235
14539,411138.23529411765
13185,441000.0
8003,763687.3267326732
11336,578189.453125
15927,440053.8461538461
16204,224968.85185185185
4755,413565.0
15740,581300.0
3976,287425.0
15526,950000.0
14770,176998.95862068966
17963,567449.4117647059
20871,785000.0
18243,524090.32258064515
10499,1240000.0
5543,350000.0
3439,1102625.0
20016,640000.0
8983,648714.2857142857
3579,340500.0
1968,457235.5052192067
4383,310000.0
20105,459000.0
13707,356730.0111111111
9117,1490000.0
5499,241125.0
21412,338408.3333333333
11302,334963.65853658534
1674,799200.0
15050,533570.1298701299
20860,463517.48979591834
11520,484460.4583333333
8546,650500.0
12399,324219.93333333335
5569,535914.1708860759
1432,310700.0
17082,435000.0
10743,371950.0
5576,205611.67857142858
6483,491326.85185185185
13638,895000.0
18372,424100.0
1154,725000.0
3809,574847.1111111111
205,887888.8888888889
21503,576137.0967741936
11096,390070.3703703704
3194,800650.0
4664,394683.8309859155
4014,607337.8850574712
8937,280838.70967741933
9912,310000.0
5736,578189.453125
16256,512495.0
17362,895000.0
6295,541047.2333333333
7461,1015000.0
16961,424410.3448275862
857,480750.0
5094,599000.0
7595,254696.58630136985
16320,345752.77777777775
2780,739888.0
1684,660000.0
9586,482260.0
12783,288118.75
15093,448098.03921568627
18411,558909.0909090909
7837,365500.0
15970,538905.9322033898
15339,403873.8407079646
18018,312424.50980392157
9289,561942.4848484849
9737,1600000.0
4617,415627.86
13282,532017.3913043478
8681,372500.0
10761,252842.3076923077
2273,495000.0
6155,277731.9968847352
2879,389375.0
1390,643877.8333333334
567,723537.5
10198,328427.7155172414
2610,417000.0
15153,274092.1052631579
14902,533570.1298701299
13940,1142000.0
21277,454816.4
6378,447668.29801324505
8987,914334.4827586206
1989,389542.35714285716
2476,285167.0
5877,603219.8611111111
6670,1349000.0
6283,670000.0
6540,772000.0
10813,662518.1578947369
10545,661339.7435897436
4352,259950.0
2814,441125.0
3613,603505.0
18399,344821.5460992908
16249,878818.1818181818
8119,296756.4516129032
1481,458660.375
15198,443950.0
8677,592576.1627906977
10373,1900000.0
11228,314880.0
804,312700.0
2957,453571.4193548387
8891,267258.125
14740,650000.0
9068,223715.38461538462
12199,1250000.0
21504,723390.0
16941,270000.0
16010,533992.3939393939
11576,422750.0
1539,1150000.0
1852,411318.0
7668,1600000.0
10176,731100.0
21361,775000.0
9994,1220000.0
2164,248086.6504854369
16086,302497.8855421687
109,577253.7196261683
10053,393932.95967741933
8066,413973.3870967742
14323,524090.32258064515
16402,386500.0
19642,484460.4583333333
6154,510000.0
8870,334900.0
1891,418831.6385542169
17049,450049.77178423235
2556,231763.7857142857
17632,944914.2857142857
6544,509000.0
14785,246075.0
20783,507297.89361702127
15615,245387.57894736843
7822,240943.6875
7539,858961.5384615385
19402,871794.4444444445
4747,566097.1739130435
10475,683964.2857142857
5118,367000.0
7260,569500.0
9186,762652.7222222222
11143,207368.66666666666
13226,429037.5
16741,962500.0
13069,697000.0
17702,788474.8536585366
7124,330000.0
13637,451863.3333333333
17778,979000.0
3406,802800.0
18919,604957.5641025641
8451,664400.0
7149,654136.9191919192
15121,348070.56701030926
2620,1383333.3333333333
14667,404100.0
14990,320662.28571428574
19766,664452.05
9645,434333.3333333333
15073,867700.0
8910,1690000.0
16163,199967.64748201438
13289,305000.0
1360,825000.0
10638,448098.03921568627
10077,511471.94444444444
21306,450049.77178423235
18432,1575000.0
20128,568732.0975609756
11206,605287.2093023256
17936,449285.71428571426
6491,297000.0
18771,313967.9555555555
2265,264865.2173913043
1270,499900.0
5260,279266.0933333333
9590,452876.05263157893
4290,193645.0
14206,791866.6666666666
12944,364754.5
13433,1205000.0
12244,650000.0
1288,315000.0
9374,410000.0
2156,400000.0
1453,240000.0
9197,360441.29032258067
11449,252300.0
10062,440000.0
18174,517213.2794117647
13906,397500.0
17080,857500.0
13674,347079.1617647059
9628,850000.0
18898,304077.04
13588,363000.0
4670,349041.14705882355
19451,279148.0
12698,214226.19047619047
7664,280000.0
6673,202501.91346153847
19929,430278.32608695654
1190,370202.6808510638
3308,284633.3333333333
3064,604957.5641025641
4765,495693.47826086957
16982,619351.3513513514
1589,321220.2631578947
19801,392677.77777777775
5506,653437.0810810811
19999,708802.8301886793
18725,340267.5675675676
706,399640.243902439
12066,605287.2093023256
2877,223715.38461538462
9110,993500.0
106,541376.5384615385
14227,357076.9285714286
18084,229043.75
12303,664452.05
6729,581716.603960396
15082,402756.3333333333
10790,389628.45454545453
9310,599890.9268292683
21178,763173.0769230769
8534,641000.0
3695,607337.8850574712
7100,621573.6842105263
13916,870000.0
20453,635000.0
21159,483067.43119266053
19814,1582500.0
9602,450000.0
20842,449514.44444444444
19484,1780000.0
2301,412260.95588235295
5617,1302500.0
9286,560000.0
10828,763687.3267326732
1921,1275000.0
20182,575000.0
5902,982650.0
15442,296390.4761904762
7024,546000.0
1251,263426.6666666667
19716,377288.73170731706
15950,329553.2
4172,256428.57142857142
11604,469700.0
11052,338675.0
1899,321220.2631578947
8227,994775.0869565217
12084,324474.0740740741
8213,225000.0
6468,607337.8850574712
10616,439900.0
19412,426160.0
15313,320128.375
10910,435440.0
16600,500000.0
14231,804714.2857142857
19720,334990.792
13230,552028.5384615385
2729,322571.4285714286
1224,810000.0
8862,1339000.0
6,277094.64285714284
13129,527160.0769230769
8462,255000.0
6054,258176.58823529413
4879,762500.0
11558,736008.5185185185
1978,839384.6153846154
8308,344000.0
21010,539000.0
8668,258669.9534883721
18216,521000.0
11900,446987.0238095238
10734,328196.6666666667
1936,440053.8461538461
19195,258807.14285714287
10168,645561.9047619047
11585,542826.8161764706
19953,249486.16194331984
19144,300885.13513513515
13946,391500.0
6741,466169.65030674846
13595,190710.16728624536
7187,493361.9220779221
14032,1610000.0
9490,347469.3548387097
4167,324216.8780487805
15037,538662.981707317
321,500000.0
6864,585981.8181818182
3983,800650.0
3472,293166.6666666667
4930,304077.04
2544,409422.6119402985
8416,259711.66666666666
9739,501265.09523809527
4355,535914.1708860759
692,378896.8085106383
15630,429566.6666666667
19823,1945000.0
13740,735987.2352941176
6901,457828.5714285714
11352,906125.0
3368,599815.3464566929
17932,674447.3684210526
6238,317556.25
15334,680000.0
5930,337344.2
19693,533992.3939393939
13504,402457.6
21378,425000.0
2275,541047.2333333333
14115,187606.9490909091
4530,270000.0
616,430000.0
2548,309380.8888888889
20620,920000.0
3325,635544.7112676057
4365,630962.7672413794
20961,406857.14285714284
16267,818345.0
856,268694.44444444444
12145,212551.66666666666
563,876225.0
11440,775163.6363636364
12969,394868.13636363635
65,610606.7741935484
15542,248897.1106557377
16729,975000.0
13388,415001.7837837838
17243,294788.1794871795
17308,566752.659574468
18117,515883.6516129032
14063,675000.0
5916,203226.47887323942
1092,780000.0
5567,440000.0
8552,345752.77777777775
21325,562816.4102564103
14393,604205.5555555555
17109,660000.0
13259,499601.875
13822,457777.77777777775
2238,356321.4166666667
9319,491659.5714285714
18949,451840.9430894309
255,412625.0
7168,525000.0
21532,1289990.0
17410,421643.23529411765
20304,501495.0
5657,450000.0
18542,627133.3333333334
1831,498468.23222060956
18726,499950.0
19317,344650.0
10354,377288.73170731706
17236,249244.8275862069
12182,440053.8461538461
1320,375099.55555555556
16063,277094.64285714284
4894,340198.3620689655
19332,277251.1111111111
8456,286698.09808102343
12201,441602.0163265306
10437,314818.0
5335,457515.3846153846
17473,695272.7272727273
14459,455333.3333333333
2904,925000.0
2552,337344.2
19229,533387.0172413794
4139,373166.6666666667
15983,224721.34615384616
16587,775163.6363636364
17183,646582.9898989899
8211,187606.9490909091
13298,692400.0
16669,484645.8333333333
9612,389900.0
6279,784400.0
20499,845000.0
867,477787.7755102041
4467,366899.69863013696
17966,321220.2631578947
9770,678479.03125
14832,347079.1617647059
5185,308000.0
15908,345752.77777777775
9914,1090500.0
9379,430303.3898305085
7243,413333.3333333333
8916,458962.8850574713
18656,651099.9178082192
20572,434772.8461538461
13685,663833.3333333334
20048,839720.0
20533,265049.01020408166
6256,523830.0
2219,411658.6206896552
20887,346627.9411764706
8971,400615.3846153846
287,430257.56666666665
20410,339666.625
19148,2950000.0
18498,190710.16728624536
17316,577305.5555555555
14255,1245281.25
21569,342866.6666666667
3854,1072000.0
5313,324216.8780487805
18784,403500.0
21471,570000.0
6565,251148.4126984127
17756,1383333.3333333333
14693,355612.8217054264
20681,818602.2413793104
20153,348762.20588235295
4398,266652.4811827957
10320,270009.0909090909
21570,425000.0
8780,450000.0
17233,207368.66666666666
5004,565100.8076923077
11761,949990.0
8304,252001.17894736843
11932,241502.0292397661
7999,257422.72727272726
7198,403519.23076923075
1105,478774.83838383836
18677,290455.2
870,620833.3333333334
8923,245742.83673469388
1366,470462.0689655172
11179,419575.0
7207,518012.73053892213
19082,535914.1708860759
17895,685000.0
5396,1166333.3333333333
5033,356601.71428571426
15707,535000.0
12777,2888000.0
9180,435000.0
9698,370076.61682242993
22,334990.792
14349,533377.9193548387
13868,245000.0
21261,928333.3333333334
12109,312348.6875
1981,638788.2916666666
12712,541047.2333333333
7037,365000.0
10355,290015.3333333333
4675,617618.3333333334
13048,806705.8823529412
14588,428958.4827586207
18511,1339684.375
16849,444404.7619047619
8224,735000.0
12344,367912.5
3191,603219.8611111111
20556,350500.0
9705,771057.4339622641
20252,833092.265625
8172,573000.0
771,273377.46153846156
18810,551919.2553191489
13992,187606.9490909091
3351,443417.92452830187
5463,341457.3484848485
16569,521193.75
654,333682.4324324324
10153,635000.0
15997,387140.0
6525,437683.6206896552
9177,404784.8484848485
20837,749950.0
6083,338450.0
17552,533818.695652174
11767,803750.0
10753,283413.0
11130,593192.4074074074
9171,630000.0
966,197597.56097560975
6669,698090.625
5417,478854.54545454547
16028,737000.0
7121,527010.9629629629
6685,254696.58630136985
4485,343082.76785714284
20266,488340.03773584904
6207,439500.0
5946,518949.6666666667
20164,428090.9090909091
19819,1185000.0
13315,403316.6666666667
19614,509700.0
18311,526000.0
19030,479679.462962963
7877,425000.0
19441,443518.12
1150,467409.0909090909
21511,446857.14285714284
20613,328509.3888888889
8816,1030000.0
19918,453759.900990099
5280,414100.0
15994,412597.0588235294
19840,311798.14953271026
12392,264207.0833333333
7285,415000.0
5721,277731.9968847352
2518,420000.0
21195,370250.0
7849,206464.2857142857
19411,258669.9534883721
3699,559060.4166666666
7476,874878.0487804879
15229,910000.0
17457,349041.14705882355
10570,418831.6385542169
3880,309950.0
6967,293873.1111111111
19786,267100.0
9938,459250.0
16101,581716.603960396
20403,333750.0
6957,256789.77272727274
11145,920000.0
13229,567630.25
1728,339000.0
13453,773689.6808510638
6332,574450.0
3339,268990.0
15533,619794.7567567568
4641,854154.7263157895
3729,850000.0
13700,1415000.0
9675,434772.8461538461
8136,1250000.0
2007,944914.2857142857
1416,261819.23076923078
16748,477787.7755102041
14235,458100.0
17188,447080.0
2088,1206250.0
10405,1266525.0
21129,278405.4482758621
3933,428000.0
2097,778952.0
14043,729722.8333333334
5055,512500.0
20576,469950.0
14923,1210000.0
18782,1680000.0
3158,447668.29801324505
713,206175.74869109946
8226,395000.0
1699,487807.14285714284
793,252772.80434782608
14984,623550.0
1339,388000.0
20194,343500.0
12932,618000.0
8400,250602.5
13611,344821.5460992908
19906,568732.0975609756
384,1285000.0
8819,810550.0476190476
12809,338887.5
5476,329553.2
3862,295560.0
3519,2400000.0
10107,246080.76923076922
16045,357225.2471042471
19169,377000.0
14416,457515.3846153846
4841,363263.829787234
1191,243327.77777777778
18962,500000.0
19034,324333.3333333333
6607,646582.9898989899
18743,475000.0
19449,550000.0
19547,900714.2857142857
13172,490909.3829787234
19409,235976.2748091603
10735,620000.0
17196,393932.95967741933
2137,320662.28571428574
18224,447668.29801324505
5570,147333.33333333334
9942,491700.0
14058,377000.0
2320,1500000.0
19314,250328.57142857142
10589,272687.6129032258
16863,367777.77777777775
7240,648360.0
2935,430257.56666666665
21346,806792.0
7640,576137.0967741936
9474,758750.0
5593,415465.9303482587
1506,667435.1666666666
6350,277731.9968847352
13687,810550.0476190476
6912,970000.0
13523,498468.23222060956
20936,349937.9791666667
17532,560657.7592592592
13626,286900.0
6495,903250.0
18602,359250.0
14582,490000.0
14972,1327000.0
9165,182627.39361702127
8102,304178.1494252874
7344,825000.0
5283,379651.0416666667
5276,249486.16194331984
17730,585000.0
5918,200434.0909090909
3244,252001.17894736843
16800,257693.15151515152
4660,847000.0
12484,314200.0
5106,477913.63636363635
3690,239000.0
18777,436483.3333333333
16566,438371.4285714286
16048,263426.6666666667
711,226533.2857142857
12686,258948.98507462686
6806,208413.7619047619
20585,530000.0
8879,276155.55555555556
3278,870629.0
13599,802843.4782608695
20202,641207.1428571428
19570,537012.7450980392
15336,379000.0
8598,290373.0604982206
12069,412260.95588235295
7356,683416.6666666666
18100,533377.9193548387
8799,831280.5925925926
19755,543128.502994012
18645,463500.0
11550,554965.0379746836
5444,295480.0
13340,525687.25
21096,419950.0
15791,451665.85365853657
21451,276642.50344827585
8767,269583.3333333333
21121,492000.0
11888,580000.0
17272,281000.0
7353,302586.95652173914
15603,277950.0
10804,973250.0
3486,202273.83333333334
1281,341457.3484848485
14727,1437000.0
15564,202288.23529411765
13156,560154.9523809524
15036,231502.7027027027
10490,338450.0
11755,249486.16194331984
12512,206795.67256637168
16693,404750.0
18028,263846.1081081081
20125,1004889.2857142857
3011,443000.0
18071,935000.0
13517,763173.0769230769
3128,504000.0
7484,290919.44444444444
12234,501666.6666666667
8075,337344.2
14490,372500.0
10883,240916.46341463414
21463,335281.8181818182
10091,649153.8461538461
10789,433818.8888888889
12724,305561.3333333333
20590,460000.0
18842,361000.0
8646,825000.0
4110,371012.7659574468
9431,287008.1395348837
1147,542114.9166666666
16500,240075.54945054944
19548,321066.6666666667
17320,495217.5675675676
14629,275000.0
7234,317248.25294117647
6753,312801.8604651163
4079,308479.3103448276
20818,1149860.0
10300,303062.5
6793,800650.0
16296,630962.7672413794
20017,359481.9574468085
15259,440174.17346938775
3832,276642.50344827585
3214,513950.0
13234,708365.6
9014,402751.4117647059
14333,393932.95967741933
9185,209669.3409090909
3072,351661.0057142857
15279,707779.3333333334
6500,738000.0
10568,271000.0
13794,375000.0
15085,405000.0
13005,511849.6551724138
494,395576.92307692306
1183,791857.1428571428
11894,637809.8684210526
18637,225500.0
11396,312741.6666666667
13385,681587.5
2770,622333.3333333334
11065,745388.8888888889
21437,422000.0
16994,338547.36842105264
1714,1211800.0
10356,473720.9069767442
19940,635293.3333333334
573,810550.0476190476
15768,985000.0
3364,388576.4117647059
5259,193880.0
12979,639900.0
4516,491993.75
11679,725126.0
11669,273679.4222222222
466,363319.39240506326
20423,311798.14953271026
6985,257693.15151515152
8871,317248.25294117647
18169,698790.45
18578,325000.0
21044,395550.0
12094,666832.5
18474,512517.37313432834
7105,403996.6666666667
142,290455.2
4698,338999.2037037037
4546,430303.3898305085
18803,493361.9220779221
5350,300000.0
1521,720392.8571428572
2878,238348.67248908296
2795,499500.0
7593,516867.64705882355
1548,214333.07575757575
11618,428500.0
13741,860000.0
15010,1316090.9090909092
433,245000.0
18214,300065.06153846154
20595,392000.0
8120,539500.0
2080,550215.3846153846
20722,815949.4166666666
12419,241942.85714285713
4779,780000.0
6774,441602.0163265306
1685,1136686.2068965517
15648,344821.5460992908
17741,820775.1794871795
7184,354600.0
7370,304450.0
385,771230.7692307692
10739,224721.34615384616
8069,253095.2380952381
135,230445.45454545456
7856,805000.0
911,619027.0537634408
14278,642413.9
14868,333567.2368421053
11222,425776.92307692306
20938,488340.03773584904
13275,555000.0
2702,661339.7435897436
8580,445846.4117647059
15423,299535.24705882353
19798,367575.6285714286
2223,354000.0
1941,950000.0
19087,206489.875
21244,521076.0
17069,581000.0
16314,370290.0
1419,362430.8275862069
2588,440522.90625
13460,623223.5714285715
6712,274607.14285714284
15365,208413.7619047619
17889,585000.0
13542,1580000.0
130,224721.34615384616
1970,302497.8855421687
12789,299910.4166666667
19604,515304.347826087
17105,332628.5714285714
14888,615000.0
4111,579000.0
11996,315000.0
5655,366250.0
7855,308259.3333333333
5462,879950.0
21470,279900.0
8325,811000.0
12015,454243.10256410256
828,456084.0
1957,357971.875
2027,683322.8481012658
612,556256.375
2369,730556.2142857143
8290,538662.981707317
16343,1042000.0
3746,352500.0
12797,405100.0
1806,644600.0
2512,356730.0111111111
11329,297025.08176100627
2670,344821.5460992908
19815,283082.1505376344
18020,279720.0
4117,380618.75
1924,579500.0
5291,322436.0
14566,190710.16728624536
18105,654000.0
8588,976000.0
13729,280838.70967741933
17153,650700.0
1302,290373.0604982206
3733,937500.0
13995,210500.0
12998,590031.4251497006
487,243833.33333333334
15577,305031.35294117645
16434,687036.2807017544
3623,541920.0
13059,254696.58630136985
6356,267300.0
1602,708321.052631579
6353,246169.32492113565
119,515000.0
959,515708.06451612903
17987,420141.0588235294
7238,339242.85714285716
5129,1000076.9230769231
14312,515883.6516129032
16432,360800.0
11579,183933.33333333334
948,386769.375
3117,371000.0
16396,593192.4074074074
15840,1150000.0
10090,294618.8947368421
14317,361099.32
12613,1600000.0
20845,427717.9487179487
2217,550372.3333333334
8447,363189.5061728395
11389,351661.0057142857
8576,448250.0
3810,825000.0
2434,390000.0
125,975000.0
3337,324216.8780487805
6105,344821.5460992908
14192,865000.0
20284,311798.14953271026
18514,272690.4761904762
5104,484166.6666666667
6458,925000.0
10109,765888.8888888889
1060,253700.0
8499,293125.0
10653,255326.92307692306
19080,941500.0
5804,266272.22222222225
3631,519666.6666666667
8900,492516.97247706424
6587,650000.0
8233,539636.3636363636
5975,289980.0
7889,278000.0
11083,452500.0
11544,950000.0
19902,627000.0
17009,208745.0
13938,578189.453125
7440,800000.0
20318,492831.25
14814,535453.8888888889
3283,840871.75
2460,384862.0
12262,444993.2
5377,563000.0
14837,605287.2093023256
10596,540634.2105263158
13749,260219.5483870968
2465,566752.659574468
6881,821790.625
16942,653454.8387096775
11898,653437.0810810811
8797,718434.5161290322
21404,325000.0
17801,455910.0
20764,295739.35135135136
2285,235976.2748091603
13350,588794.4444444445
19376,437000.0
3091,1610000.0
13276,825000.0
2144,346627.9411764706
20586,552028.5384615385
20571,498468.23222060956
14500,498700.0
10850,861708.2561983471
11597,260368.02197802198
2445,374105.81176470587
2061,347079.1617647059
4694,432500.0
12620,618301.0
8529,218076.33333333334
10784,906079.2307692308
20998,689256.4285714285
16361,234195.0
16640,381683.85714285716
12538,339242.85714285716
18394,343571.4285714286
12598,320903.4090909091
9409,924000.0
19345,796068.1851851852
13727,635544.7112676057
6139,350758.82352941175
14162,281365.3846153846
9328,341357.1111111111
4523,753101.7213114754
18778,320607.14285714284
7591,358072.965
13724,304348.4135802469
8360,336889.62264150946
5661,415000.0
12289,252001.17894736843
986,309831.0406504065
2543,440581.1034482759
1691,239215.04237288135
1933,755367.8571428572
8877,447500.0
21101,560825.0
15401,749950.0
13918,464145.9052631579
5659,656230.9333333333
8589,1058800.0
20892,1100000.0
18579,224721.34615384616
4067,385000.0
7299,498468.23222060956
17245,1274950.0
9935,1250000.0
21601,392531.5789473684
15438,368537.16071428574
10547,317248.25294117647
20010,1875000.0
11724,268136.36363636365
18983,252001.17894736843
13333,334453.3333333333
14742,405764.28571428574
5065,1092200.0
13884,711051.6666666666
1217,1605000.0
13000,276600.0
6865,517213.2794117647
15678,375099.55555555556
14232,1825000.0
5860,489568.9655172414
7439,554965.0379746836
17275,215770.40229885056
15021,413842.3076923077
6909,454600.0
13928,624000.0
4476,414139.28571428574
2617,218291.66666666666
10060,668348.25
13891,337517.85714285716
11573,603515.7608695652
12342,457235.5052192067
19881,858450.0
19321,453523.3333333333
9828,260517.85074626867
4222,320000.0
19950,791566.3888888889
9576,284388.8
16893,397500.0
14567,433818.8888888889
13811,394369.23076923075
5044,650727.2727272727
21438,525218.1818181818
20397,484303.51666666666
8528,441562.1797752809
18992,1411600.0
16817,3000000.0
2368,613916.6666666666
15270,533042.4418604651
5307,1150000.0
12848,258948.98507462686
10601,735983.7777777778
3676,525000.0
20942,372450.0
15319,606446.4285714285
10084,1196700.0
15199,602965.0
6823,815000.0
17079,513028.1884057971
10778,457475.0
32,603515.7608695652
11264,534422.2357723577
2980,418831.6385542169
18712,337510.5263157895
11845,270933.3333333333
18052,145950.0
16830,558853.5221238938
3361,240075.54945054944
14102,627750.0
16845,730000.0
19564,1175000.0
3354,620000.0
18450,344821.5460992908
8091,322624.48780487804
13816,494986.7090909091
3284,887250.0
16315,259509.0909090909
14755,236958.83333333334
15828,1760000.0
11875,387530.57272727275
13565,578189.453125
10205,177929.48113207548
10401,471316.14545454545
21342,525000.0
1967,458160.0
9577,390794.7368421053
3894,290015.3333333333
3946,478774.83838383836
5457,653000.0
3608,424410.3448275862
16592,349041.14705882355
20136,995500.0
20251,802945.0
11163,625448.9411764706
4469,374862.5
1541,473600.0
6824,246169.32492113565
11745,289004.75409836066
7438,383000.0
17910,632391.6666666666
1338,772742.8571428572
20340,1610000.0
863,810000.0
4280,530000.0
18429,245533.33333333334
2563,839625.0
20648,464045.3846153846
14489,649950.0
23,213981.90740740742
20265,537054.08
15750,472036.36363636365
10681,796666.6666666666
6246,485000.0
14828,533387.0172413794
878,208413.7619047619
4131,423688.8888888889
1462,206175.74869109946
854,337344.2
16414,456874.39024390245
20078,492000.0
12099,525000.0
10752,207000.0
19589,266652.4811827957
14423,185900.0
14688,589900.0
6555,252001.17894736843
3586,1750000.0
12626,223715.38461538462
9346,597000.0
3261,199950.0
9759,583505.3333333334
18241,625000.0
11212,535000.0
1177,411343.30569948186
3609,354000.0
8659,386354.28571428574
6560,514344.64285714284
108,816409.8723404255
10450,422061.7752808989
10532,201068.7106918239
14248,366899.69863013696
20190,259950.0
14666,299806.25
15262,379000.0
13752,583666.6666666666
222,495153.900990099
21405,435000.0
13479,871794.4444444445
11721,270893.6504854369
18300,622204.4038461539
9369,742675.0
8170,443473.65853658534
21070,275480.0
10829,306685.71428571426
21289,419466.6666666667
3871,1619768.3333333333
28,489156.25
6222,580066.6666666666
16749,380500.0
13210,626765.3846153846
15225,533431.1111111111
20987,487251.4285714286
5287,359200.0
3785,286956.8181818182
6505,310287.56
11746,533818.695652174
18735,317248.25294117647
5226,201068.7106918239
16486,247858.13953488372
17337,485000.0
21593,926100.0
17360,809885.0
3449,500000.0
3926,844183.52
6141,300000.0
12102,555466.8421052631
14387,478000.0
6844,280350.0
18328,2300000.0
3039,1660244.6666666667
7598,539950.0
7535,278333.3333333333
2332,299840.47826086957
4282,695202.7941176471
10087,199967.64748201438
14386,398828.0701754386
5988,559691.1881188119
14576,626765.3846153846
1897,351661.0057142857
17668,420478.30508474575
5166,831524.9285714285
5284,266468.1388888889
20391,779968.4
2987,386184.9
14794,287301.1395348837
15125,787975.8064516129
18491,539680.0
12649,337517.85714285716
4960,621674.6756756756
8855,518012.73053892213
1280,418831.6385542169
9820,187606.9490909091
5865,465084.6153846154
17418,340000.0
3903,924000.0
5985,438564.28571428574
2785,393932.95967741933
10582,725000.0
3520,559000.0
10338,925000.0
12325,552775.0
18586,298193.8292682927
10158,545000.0
20840,657220.0
7655,664890.0
20570,498468.23222060956
7239,221408.33333333334
12703,437683.6206896552
5878,651460.6666666666
12604,670000.0
12829,723638.2307692308
15132,604957.5641025641
993,246147.01086956522
6407,315479.3461538461
6187,490377.04347826086
14184,619027.0537634408
345,218405.88235294117
412,637386.9565217391
13201,438502.5
15281,339357.6923076923
15303,755333.3333333334
15079,286200.0
2245,464194.7368421053
6672,735987.2352941176
17608,980000.0
18239,524428.5714285715
4208,443417.92452830187
2771,319794.64285714284
5599,450000.0
6885,538662.981707317
12394,195167.78846153847
17782,187606.9490909091
21177,632525.641025641
5647,527160.0769230769
15473,653437.0810810811
9210,314031.1142857143
14731,278050.0
2051,278640.0
6934,279900.0
16110,789000.0
17020,542826.8161764706
13546,407000.0
3557,485400.0
15302,804462.5
7042,201068.7106918239
5818,348070.56701030926
1818,1528111.3636363635
2635,265357.14285714284
8112,336000.0
7670,693486.8421052631
20602,550852.282051282
12875,489568.9655172414
20057,358072.965
17915,263846.1081081081
16346,488162.2530120482
11901,533393.458937198
3951,550000.0
16909,562305.4871794871
9729,525464.265625
14247,231515.21739130435
764,364644.1176470588
10139,832970.0
308,446053.125
11300,203226.47887323942
4170,698787.7105263158
4492,568248.75
5085,392531.5789473684
18368,505100.51851851854
15091,600000.0
15761,358072.965
14426,417750.0
3259,618301.0
8778,313142.85714285716
2226,619027.0537634408
20456,313927.0833333333
21245,333233.3333333333
18418,577253.7196261683
3981,275620.8333333333
16079,410978.5714285714
557,231515.21739130435
15053,272619.51219512196
14491,573309.0
20552,305000.0
16251,244670.58823529413
20331,471874.6666666667
14130,366899.69863013696
20700,550000.0
6426,265049.01020408166
10584,832970.0
2071,870629.0
9365,604205.5555555555
19522,285665.29411764705
3821,1940000.0
16944,1415000.0
11955,864149.6551724138
11332,584444.4444444445
7949,513045.45454545453
8688,547958.3333333334
20597,457450.0
17343,235976.2748091603
2934,418345.0
7629,345752.77777777775
2960,302000.0
12516,542826.8161764706
12841,421530.45652173914
8502,265000.0
16005,554343.75
16995,498350.0
6189,769995.0
12634,483300.0
12835,241502.0292397661
17348,202273.83333333334
8307,338857.14285714284
12923,579852.5256410256
7013,619587.6470588235
20984,465000.0
4421,260000.0
8292,614200.0
8236,415627.86
18148,465000.0
15859,484495.6551724138
7014,649709.0909090909
6399,212000.0
175,484495.6551724138
8319,430303.3898305085
2109,317341.3333333333
18181,254696.58630136985
19826,357500.0
10932,624410.7142857143
21357,1280000.0
4774,311148.6907216495
18426,783470.5882352941
18259,451351.92307692306
1204,201068.7106918239
20767,2700000.0
1160,365586.72277227725
18594,1600000.0
5977,371000.0
13712,619027.0537634408
16325,275697.64705882355
20123,337344.2
16716,201068.7106918239
18097,676111.1111111111
20550,278405.4482758621
636,199967.64748201438
9254,5350000.0
8158,400235.29411764705
21291,456147.66025641025
15145,570333.3333333334
4426,1200000.0
10277,622637.08
11195,294237.5
12257,516824.4451219512
14382,522665.3846153846
19364,250857.0
1504,1415000.0
10535,403055.8823529412
4484,635544.7112676057
8846,348755.1818181818
1810,487341.4285714286
13158,426210.0
5483,190201.39830508476
9047,263390.0
18836,665900.0
14270,364833.3333333333
1789,394868.13636363635
15475,484495.6551724138
5440,773689.6808510638
10068,328427.7155172414
17854,827000.0
12751,473720.9069767442
7725,446639.5833333333
1315,3100000.0
1488,441230.76923076925
20839,274800.0
225,338995.0
2105,295228.3783783784
14906,252001.17894736843
13093,393932.95967741933
11223,268855.4054054054
15076,338887.5
15429,287808.35714285716
20828,827675.0169491526
6354,315596.03773584904
8085,497916.6666666667
5519,344821.5460992908
6892,342886.0
6313,587312.5
3394,498468.23222060956
16877,1027270.7272727273
13127,422061.7752808989
17697,420518.82352941175
10700,252001.17894736843
7067,623223.5714285715
3372,502058.3333333333
18374,267333.3333333333
12487,517000.0
21224,498468.23222060956
8634,345840.0
13985,443417.92452830187
6181,277731.9968847352
2356,767761.1111111111
6740,1750000.0
9924,615743.75
10619,819000.0
6211,604205.5555555555
13368,498112.9032258064
1851,621500.0
9689,441602.0163265306
18936,463376.92307692306
4166,609733.3333333334
3118,258305.0
8250,550000.0
1822,439069.8113207547
6369,252400.0
10706,450000.0
17311,442273.3333333333
5670,514330.30303030304
2050,270893.6504854369
10054,580507.6923076923
17845,187606.9490909091
12775,190201.39830508476
15461,543983.3333333334
1047,386769.375
3249,386357.4
3783,267258.125
18807,411000.0
3603,653454.8387096775
6614,407871.88372093026
15692,2125000.0
13290,252300.0
11793,350765.3846153846
8373,378812.5
16103,317341.3333333333
13823,532500.0
18707,400980.0
967,619027.0537634408
19282,302250.0
7917,661240.0666666667
5534,534422.2357723577
4575,415000.0
18654,253363.88888888888
13578,287973.39285714284
16455,203226.47887323942
6746,258487.5
1546,407897.87234042556
12682,1600000.0
14492,369450.0
5863,351099.14285714284
17356,853000.0
16707,304348.4135802469
1005,539680.0
7580,651099.9178082192
18275,390000.0
16507,206787.13333333333
3860,648975.0
9835,651243.75
6245,505100.51851851854
10922,248086.6504854369
20367,449514.44444444444
7686,560657.7592592592
21102,510000.0
12031,333587.2916666667
12218,545311.0294117647
15501,771230.7692307692
19935,504128.8888888889
18518,343838.375
2577,287316.12903225806
5489,779207.4743589744
5264,514257.3333333333
4464,498468.23222060956
6077,981580.0
18625,654136.9191919192
19076,190710.16728624536
14070,660575.8928571428
17177,1245281.25
11897,515883.6516129032
19773,422061.7752808989
5473,315596.03773584904
697,273679.4222222222
17837,590031.4251497006
9937,372560.1807228916
18548,755986.0
3694,362085.71428571426
12274,468990.756097561
1533,726761.1111111111
14719,239666.66666666666
18999,463333.3333333333
15772,874878.0487804879
8431,350000.0
5997,215587.5
3913,369050.0
16339,205611.67857142858
14083,2600000.0
10988,294851.2
12431,596226.25
18415,1011000.0
211,511367.1875
10382,708802.8301886793
11593,279266.0933333333
4788,654409.1363636364
16503,581116.304347826
13219,694772.0892857143
3216,690000.0
20142,530000.0
19535,476064.46153846156
7692,299535.24705882353
21517,388000.0
12493,365000.0
16680,405000.0
11852,318915.12396694213
16561,190201.39830508476
10847,642413.9
6790,551919.2553191489
14196,672950.0
16986,725000.0
19174,205611.67857142858
5760,1225000.0
18783,698787.7105263158
14071,286956.8181818182
3344,1691000.0
7252,4668000.0
20905,533380.0
19673,428733.5833333333
12284,639750.0
7003,676338.7263157895
15372,494265.4748201439
10573,338036.9696969697
761,459330.32258064515
16826,430257.56666666665
8372,404504.92957746476
17469,267324.28571428574
7081,608527.0833333334
19041,800653.0487804879
8240,594682.0465116279
8231,402750.0
18663,443500.0
4913,277731.9968847352
20532,289950.0
11431,287661.1111111111
3835,840000.0
14203,267566.6666666667
10848,587604.0
1377,294788.1794871795
13432,290373.0604982206
7736,539700.0
10591,535000.0
1623,447725.0
12104,1315000.0
10520,207794.0909090909
18865,226750.0
7062,802650.0
4151,840000.0
408,333994.0
20362,427024.0909090909
562,899266.6666666666
16788,270769.23076923075
3268,823566.6666666666
9749,650688.6153846154
21181,734016.6153846154
19885,350923.5333333333
11533,689485.8076923077
1292,310000.0
5109,372000.0
17769,464897.87096774194
19598,533393.458937198
20777,256100.0
14398,1045640.9090909091
9043,449494.3396226415
84,315479.3461538461
11369,825833.3333333334
1804,389628.45454545453
2017,513291.6666666667
9788,623000.0
18115,533377.9193548387
19027,725000.0
5998,688000.0
5213,363000.0
8481,235571.42857142858
6424,234154.16666666666
12075,280000.0
15239,334992.68292682926
1260,617089.2857142857
8616,482166.6666666667
10353,334990.792
2674,312801.8604651163
7829,206795.67256637168
14850,415465.9303482587
21582,488340.03773584904
17764,545714.2857142857
10303,312700.0
13562,417512.28813559323
12134,495693.47826086957
203,226533.2857142857
14615,300000.0
1783,364811.52808988764
6682,328840.9090909091
11089,809990.0
17813,599356.5315789473
15810,440000.0
20610,395648.85714285716
7051,242550.9090909091
3018,417512.28813559323
18012,610000.0
20967,790435.2531645569
16222,416100.0
13907,1250000.0
3670,265103.16279069765
18751,246169.32492113565
12961,431000.0
1600,720000.0
20626,384333.3333333333
9902,905337.5
13571,780000.0
2014,363133.98529411765
18504,412260.95588235295
19698,646909.0909090909
4253,935000.0
6005,355392.77777777775
20104,837870.0
7020,238217.64705882352
2104,309000.0
1080,246950.0
6069,484877.77777777775
4348,655200.0
9757,351661.0057142857
9841,203226.47887323942
7134,358500.0
15060,1000000.0
19069,266652.4811827957
5132,625000.0
16769,532404.4871794871
3193,289504.6875
12696,825000.0
1893,842493.75
9671,831439.2727272727
12892,207794.0909090909
12956,215283.33333333334
17653,558267.4971098265
15595,374950.0
5682,252344.11764705883
18387,718000.0
7251,248897.1106557377
20795,436285.71428571426
11253,930000.0
17138,353333.3333333333
17906,230000.0
20378,885980.0
14090,275697.64705882355
17302,541535.5897435897
6411,535243.75
16057,596250.0
9676,300796.6666666667
19077,338571.4285714286
20259,328779.3152173913
6337,423617.7419354839
8032,676338.7263157895
7860,725000.0
17829,499601.875
12718,638712.5
838,333950.0
19199,501583.3333333333
9982,778882.074074074
14008,187606.9490909091
6921,300345.85714285716
16217,628928.5714285715
14817,294780.0
13293,1264000.0
7338,209390.625
12571,664201.2698412698
8168,304077.04
8551,521193.75
7609,635000.0
4184,337344.2
1536,920000.0
10033,300065.06153846154
5229,990629.0322580645
20671,312741.6666666667
18529,1025000.0
8718,375000.0
10628,464144.6203703704
929,474666.6666666667
2266,311566.6666666667
19011,541047.2333333333
4473,348500.0
21340,361216.3333333333
17685,361000.0
14729,635000.0
13813,735000.0
13131,318237.0789473684
6194,398788.8888888889
19459,454816.4
10313,490825.0655737705
525,745658.3333333334
3007,453500.0
703,531757.6923076923
10834,688750.0
20833,299603.9285714286
4994,581300.0
13862,449650.0
6085,950000.0
21500,535500.0
13115,414269.23076923075
15506,728200.0
12767,485767.85714285716
8063,276642.50344827585
19140,450581.3953488372
18739,287316.12903225806
10792,311920.0
16931,781333.3333333334
10497,450000.0
6037,533393.458937198
18970,554166.6666666666
17431,430000.0
4895,599356.5315789473
20760,709950.0
21255,465000.0
9515,811888.8888888889
6646,319630.1785714286
1785,274005.0
10698,283588.9903846154
11226,1150000.0
19271,541376.5384615385
13356,625616.2608695652
1537,546016.25
5177,230000.0
8355,299800.0
619,266168.51851851854
6251,369954.25531914894
21232,297257.14285714284
13977,465376.90566037735
11153,472000.0
19931,353917.5833333333
9974,232560.7
4665,558853.5221238938
3674,253324.16666666666
7770,568732.0975609756
18005,800500.0
14974,261819.23076923078
19047,409422.6119402985
2921,556226.5555555555
19851,491473.6666666667
12434,305979.6296296296
7432,1198000.0
1842,698790.45
15711,241020.6
2196,388233.3333333333
19980,599000.0
9763,246333.33333333334
11048,510000.0
14094,1017000.0
13937,376678.0
14413,654136.9191919192
17921,459994.25
556,1610000.0
5709,336818.75
5418,374105.81176470587
19114,689773.7913043478
6915,465376.90566037735
20124,479679.462962963
38,195399.0
5800,526220.6511627907
12862,599133.3333333334
14855,491659.5714285714
8550,327900.0
15613,343838.375
3858,304077.04
15588,306195.15789473685
10620,855000.0
9270,558299.5263157894
8746,300485.36842105264
3000,312707.2641509434
9216,565981.6666666666
4209,775163.6363636364
2712,401366.6666666667
21429,321000.0
7280,975000.0
13274,534422.2357723577
16263,730677.6
11066,190710.16728624536
9219,284388.8
5910,333994.0
11126,246189.70588235295
13801,327885.71428571426
3169,579466.2268907563
14414,249486.16194331984
6412,725000.0
11946,428958.4827586207
15351,295228.3783783784
18839,302586.95652173914
7039,799000.0
18825,653454.8387096775
13989,414345.45454545453
14670,492516.97247706424
20510,500896.94444444444
12330,190710.16728624536
3366,258948.98507462686
10182,341457.3484848485
4344,761500.0
5149,470000.0
4230,526001.7215189873
11725,593186.4375
15529,1125312.5
3245,517833.3333333333
17479,308135.71428571426
876,245928.57142857142
13848,329500.0
1961,277127.81666666665
877,435780.24590163934
17345,414630.0416666667
1299,265049.01020408166
15027,370250.0
1547,426945.0
12086,444063.09523809527
16476,708321.052631579
7313,2600000.0
2976,533387.0172413794
1163,605000.0
550,648360.0
13400,1710000.0
21078,337144.5
6955,660746.6666666666
10730,357162.5
13470,1035932.08
5238,563198.3333333334
16595,309831.0406504065
19039,666114.8805970149
10344,829600.0
6107,653437.0810810811
19358,375156.25
19768,305213.76923076925
20848,302856.25
12508,197092.08571428573
18338,300712.5
15297,880000.0
5096,886118.1818181818
1727,479900.0
5769,1500000.0
390,308023.8095238095
3355,351661.0057142857
8402,224721.34615384616
5409,429900.0
5098,501666.6666666667
7088,345000.0
10170,452000.0
6631,326000.0
13815,201300.0
3499,920000.0
20686,253555.55555555556
4244,754800.0
2655,580000.0
8205,237178.36842105264
15432,678281.8181818182
5690,413973.3870967742
21218,481000.0
21442,540058.9285714285
20705,436285.71428571426
16760,581716.603960396
2605,277731.9968847352
13081,518904.6875
4501,318884.0909090909
17413,473720.9069767442
17263,619027.0537634408
18715,1284375.0
2863,665613.8095238095
6992,321220.2631578947
11637,197496.5
14404,354464.21428571426
8051,541222.5
19675,289004.75409836066
20666,859075.6666666666
18500,348997.6935483871
10430,625448.9411764706
20711,515883.6516129032
20224,1537000.0
20311,504128.8888888889
9368,696547.5535714285
10080,279266.0933333333
11202,480992.85714285716
20914,511471.94444444444
20664,2458000.0
2395,950535.2727272727
5492,283237.5
12357,462900.0
18331,587375.0
6926,459330.32258064515
3105,694300.0
9468,303029.8095238095
3239,190710.16728624536
13690,469500.0
13840,299535.24705882353
6490,309831.0406504065
20826,600000.0
15295,407888.8888888889
15099,231731.33870967742
5551,639269.6666666666
21531,340710.6666666667
8958,495000.0
307,560657.7592592592
7485,363133.98529411765
15008,360441.29032258067
4294,525803.804347826
13320,796068.1851851852
3928,1142857.142857143
18234,447668.29801324505
17977,312514.0961538461
3516,317248.25294117647
6855,1375000.0
1409,623223.5714285715
900,987500.0
3438,712500.0
3248,271401.6666666667
21316,1312000.0
9187,481203.125
5824,403900.0
10477,316000.0
12373,199967.64748201438
575,290975.0
2937,222854.54545454544
16618,388309.0625
12336,800000.0
2851,526916.6666666666
788,245000.0
15122,654136.9191919192
236,378000.0
14900,451840.9430894309
5338,325000.0
8016,379876.3
6900,516695.0
13548,925000.0
10832,760000.0
15545,397900.0
8423,264241.17647058825
19139,359000.0
15263,1425000.0
10145,532833.3333333334
13781,734950.0
13709,255000.0
6556,208413.7619047619
3415,394868.13636363635
13732,303750.0
10649,423617.7419354839
19513,746666.6666666666
242,530360.1
20276,340831.8181818182
16564,345840.0
16911,715000.0
17386,571112.2689075631
742,668281.4814814815
6479,472036.36363636365
14128,1050000.0
4145,286698.09808102343
16147,815475.0
13431,583720.7260273972
10132,844183.52
21591,433174.02702702704
3938,327000.0
5304,1068388.888888889
8536,1230000.0
12138,477395.3488372093
4510,363306.6285714286
4339,1150000.0
19072,450000.0
1809,394210.0
13190,366571.4285714286
19123,619027.0537634408
2227,411318.0
19059,236958.83333333334
15763,472914.86486486485
15017,553320.0
17783,359944.2
1755,497300.0
17259,449404.54545454547
10133,290018.6785714286
342,508425.0
16929,729722.8333333334
10157,970000.0
7424,199967.64748201438
4135,708802.8301886793
7747,719142.8571428572
1011,448000.0
5696,645831.5078125
7479,421643.23529411765
18965,255326.92307692306
19571,410153.8461538461
14762,754453.5714285715
9842,366899.69863013696
10866,736008.5185185185
115,850000.0
14133,392500.0
4648,340267.5675675676
19858,1820000.0
5395,355823.5294117647
9742,985000.0
19355,375915.625
12011,394868.13636363635
3922,422867.8205128205
7958,245635.0
10903,474811.25
15521,755000.0
14366,350722.7272727273
8962,750569.1458333334
2122,355823.5294117647
8829,895972.552631579
628,463517.48979591834
8881,265049.01020408166
7504,320662.28571428574
15936,320662.28571428574
16635,629202.4838709678
1610,635000.0
17333,424060.71428571426
1291,230000.0
6127,337000.0
4691,456147.66025641025
10757,829855.5555555555
4235,799200.0
1381,258948.98507462686
13597,906125.0
9648,342875.8695652174
18627,253703.78787878787
9553,1650000.0
14200,435774.40476190473
