id,labels
0,30
1,37
2,4
3,3
4,33
5,1
6,26
7,30
8,17
9,25
10,24
11,42
12,24
13,31
14,33
15,9
16,23
17,11
18,19
19,36
20,29
21,7
22,20
23,11
24,16
25,37
26,18
27,33
28,21
29,17
30,31
31,5
32,7
33,41
34,41
35,4
36,35
37,42
38,9
39,6
40,32
41,25
42,15
43,32
44,32
45,5
46,21
47,31
48,21
49,34
50,12
51,7
52,11
53,12
54,22
55,18
56,29
57,10
58,13
59,7
60,36
61,37
62,7
63,32
64,19
65,6
66,2
67,23
68,33
69,1
70,42
71,10
72,31
73,11
74,5
75,23
76,10
77,15
78,3
79,5
80,16
81,21
82,17
83,5
84,37
85,11
86,28
87,6
88,3
89,42
90,19
91,17
92,9
93,3
94,22
95,42
96,9
97,11
98,16
99,11
100,40
101,23
102,40
103,22
104,13
105,34
106,31
107,37
108,19
109,31
110,9
111,15
112,22
113,26
114,20
115,10
116,38
117,15
118,37
119,32
120,33
121,39
122,13
123,18
124,17
125,31
126,25
127,41
128,41
129,0
130,31
131,26
132,24
133,30
134,32
135,32
136,20
137,24
138,12
139,36
140,24
141,29
142,20
143,33
144,4
145,5
146,21
147,14
148,21
149,26
150,6
151,28
152,19
153,38
154,12
155,12
156,12
157,1
158,24
159,15
160,18
161,21
162,0
163,22
164,29
165,19
166,30
167,17
168,14
169,27
170,0
171,40
172,27
173,10
174,1
175,0
176,36
177,23
178,13
179,33
180,29
181,30
182,32
183,41
184,1
185,28
186,10
187,29
188,36
189,17
190,33
191,1
192,41
193,8
194,16
195,33
196,31
197,5
198,6
199,3
200,19
201,5
202,24
203,6
204,39
205,24
206,11
207,29
208,7
209,30
210,4
211,6
212,0
213,17
214,19
215,3
216,28
217,36
218,6
219,30
220,19
221,1
222,29
223,27
224,33
225,21
226,19
227,17
228,21
229,25
230,6
231,26
232,29
233,4
234,2
235,28
236,26
237,2
238,28
239,1
240,38
241,30
242,31
243,17
244,40
245,4
246,26
247,19
248,5
249,41
250,19
251,35
252,7
253,23
254,41
255,7
256,17
257,15
258,1
259,19
260,36
261,4
262,7
263,6
264,12
265,16
266,12
267,21
268,14
269,7
270,20
271,8
272,33
273,30
274,20
275,8
276,3
277,13
278,8
279,32
280,38
281,35
282,27
283,26
284,5
285,15
286,39
287,36
288,34
289,10
290,29
291,19
292,15
293,2
294,28
295,11
296,27
297,0
298,37
299,0
300,41
301,12
302,0
303,38
304,4
305,21
306,8
307,31
308,2
309,39
310,4
311,16
312,2
313,34
314,35
315,8
316,41
317,4
318,30
319,11
320,13
321,3
322,13
323,25
324,7
325,36
326,24
327,3
328,34
329,8
330,23
331,19
332,23
333,36
334,19
335,10
336,23
337,14
338,16
339,2
340,28
341,1
342,22
343,11
344,25
345,35
346,12
347,29
348,11
349,25
350,28
351,0
352,30
353,40
354,18
355,17
356,40
357,2
358,34
359,19
360,23
361,17
362,29
363,4
364,5
365,10
366,11
367,4
368,25
369,38
370,5
371,13
372,7
373,39
374,9
375,17
376,7
377,34
378,25
379,12
380,23
381,42
382,13
383,6
384,7
385,21
386,27
387,6
388,5
389,10
390,22
391,33
392,30
393,40
394,1
395,3
396,27
397,12
398,33
399,40
400,4
401,23
402,19
403,32
404,24
405,22
406,13
407,23
408,0
409,28
410,30
411,2
412,9
413,0
414,10
415,18
416,41
417,14
418,10
419,11
420,39
421,24
422,12
423,10
424,5
425,38
426,26
427,40
428,11
429,3
430,33
431,33
432,28
433,36
434,29
435,20
436,20
437,4
438,40
439,10
440,35
441,29
442,13
443,19
444,31
445,34
446,2
447,25
448,26
449,11
450,11
451,13
452,18
453,13
454,34
455,41
456,33
457,9
458,28
459,21
460,9
461,19
462,13
463,32
464,4
465,37
466,24
467,26
468,19
469,0
470,40
471,9
472,37
473,27
474,5
475,21
476,18
477,24
478,27
479,0
480,40
481,3
482,6
483,6
484,34
485,22
486,36
487,12
488,8
489,34
490,13
491,2
492,6
493,0
494,30
495,27
496,19
497,31
498,15
499,26
500,24
501,32
502,28
503,5
504,5
505,9
506,11
507,35
508,29
509,32
510,36
511,29
512,32
513,2
514,9
515,3
516,4
517,36
518,28
519,19
520,21
521,21
522,32
523,7
524,21
525,16
526,2
527,15
528,38
529,35
530,14
531,9
532,33
533,19
534,4
535,11
536,9
537,13
538,8
539,20
540,15
541,17
542,24
543,5
544,26
545,41
546,15
547,25
548,18
549,38
550,42
551,35
552,2
553,18
554,26
555,24
556,31
557,24
558,28
559,20
560,5
561,28
562,36
563,36
564,24
565,28
566,16
567,29
568,29
569,41
570,1
571,3
572,12
573,11
574,14
575,41
576,5
577,13
578,18
579,10
580,33
581,32
582,0
583,30
584,1
585,5
586,5
587,34
588,11
589,36
590,38
591,4
592,8
593,26
594,19
595,0
596,29
597,5
598,19
599,6
600,0
601,0
602,12
603,22
604,0
605,23
606,32
607,36
608,10
609,14
610,25
611,2
612,24
613,38
614,2
615,0
616,36
617,9
618,5
619,21
620,37
621,41
622,40
623,5
624,1
625,18
626,25
627,27
628,19
629,27
630,19
631,13
632,14
633,21
634,36
635,8
636,0
637,1
638,15
639,25
640,42
641,20
642,41
643,25
644,8
645,26
646,23
647,26
648,15
649,33
650,27
651,2
652,9
653,10
654,36
655,27
656,26
657,0
658,33
659,25
660,10
661,22
662,34
663,21
664,10
665,40
666,12
667,41
668,38
669,42
670,10
671,14
672,14
673,31
674,4
675,2
676,16
677,5
678,20
679,20
680,7
681,32
682,20
683,13
684,41
685,29
686,32
687,27
688,16
689,13
690,31
691,12
692,3
693,5
694,8
695,5
696,23
697,34
698,36
699,5
700,24
701,37
702,30
703,26
704,14
705,12
706,32
707,32
708,10
709,10
710,42
711,12
712,36
713,10
714,26
715,4
716,41
717,32
718,18
719,41
720,12
721,30
722,37
723,25
724,30
725,34
726,9
727,33
728,26
729,19
730,14
731,30
732,17
733,8
734,28
735,5
736,2
737,2
738,15
739,32
740,6
741,28
742,19
743,13
744,6
745,29
746,24
747,38
748,4
749,5
750,21
751,8
752,20
753,22
754,26
755,20
756,9
757,4
758,3
759,14
760,3
761,34
762,33
763,0
764,42
765,24
766,1
767,7
768,2
769,36
770,20
771,34
772,28
773,16
774,14
775,37
776,21
777,42
778,14
779,10
780,20
781,39
782,42
783,38
784,16
785,37
786,4
787,1
788,20
789,37
790,33
791,12
792,33
793,42
794,13
795,12
796,17
797,39
798,27
799,30
800,13
801,15
802,0
803,38
804,34
805,23
806,7
807,13
808,35
809,16
810,26
811,41
812,27
813,31
814,25
815,3
816,17
817,19
818,39
819,21
820,6
821,6
822,11
823,18
824,12
825,26
826,16
827,27
828,37
829,31
830,40
831,40
832,38
833,34
834,26
835,5
836,22
837,29
838,20
839,26
840,7
841,4
842,31
843,21
844,9
845,0
846,10
847,33
848,3
849,25
850,39
851,35
852,16
853,32
854,18
855,22
856,19
857,19
858,2
859,29
860,30
861,15
862,33
863,26
864,36
865,14
866,20
867,12
868,33
869,0
870,24
871,32
872,23
873,11
874,33
875,15
876,35
877,39
878,27
879,33
880,4
881,5
882,35
883,10
884,37
885,25
886,35
887,31
888,5
889,16
890,23
891,33
892,39
893,10
894,6
895,10
896,23
897,19
898,29
899,15
900,10
901,20
902,42
903,33
904,11
905,32
906,10
907,7
908,32
909,12
910,3
911,42
912,11
913,32
914,20
915,11
916,23
917,2
918,27
919,2
920,32
921,33
922,33
923,40
924,35
925,13
926,38
927,30
928,27
929,9
930,18
931,6
932,11
933,12
934,25
935,5
936,16
937,41
938,6
939,32
940,8
941,31
942,2
943,41
944,36
945,23
946,17
947,21
948,23
949,33
950,41
951,21
952,33
953,23
954,26
955,39
956,19
957,20
958,7
959,32
960,28
961,7
962,3
963,34
964,23
965,17
966,26
967,40
968,11
969,9
970,37
971,36
972,15
973,37
974,29
975,31
976,26
977,14
978,1
979,14
980,34
981,20
982,36
983,1
984,3
985,39
986,37
987,9
988,25
989,21
990,22
991,5
992,1
993,19
994,20
995,4
996,22
997,30
998,39
999,41
1000,28
1001,0
1002,13
1003,36
1004,5
1005,27
1006,6
1007,30
1008,12
1009,15
1010,42
1011,3
1012,15
1013,28
1014,31
1015,24
1016,36
1017,29
1018,2
1019,13
1020,34
1021,26
1022,4
1023,29
1024,14
1025,20
1026,3
1027,31
1028,27
1029,31
1030,9
1031,14
1032,29
1033,14
1034,2
1035,36
1036,3
1037,11
1038,27
1039,17
1040,25
1041,19
1042,25
1043,10
1044,29
1045,21
1046,7
1047,26
1048,21
1049,1
1050,28
1051,39
1052,21
1053,2
1054,10
1055,17
1056,30
1057,9
1058,5
1059,41
1060,32
1061,20
1062,29
1063,4
1064,33
1065,32
1066,36
1067,27
1068,13
1069,37
1070,25
1071,35
1072,24
1073,42
1074,30
1075,33
1076,40
1077,20
1078,29
1079,11
1080,32
1081,4
1082,15
1083,21
1084,8
1085,32
1086,3
1087,19
1088,7
1089,37
1090,27
1091,1
1092,20
1093,42
1094,27
1095,12
1096,17
1097,26
1098,2
1099,42
1100,3
1101,12
1102,25
1103,24
1104,3
1105,1
1106,6
1107,11
1108,24
1109,10
1110,22
1111,8
1112,5
1113,42
1114,29
1115,38
1116,17
1117,21
1118,32
1119,13
1120,6
1121,8
1122,36
1123,41
1124,6
1125,12
1126,33
1127,37
1128,36
1129,0
1130,32
1131,18
1132,7
1133,5
1134,16
1135,38
1136,2
1137,28
1138,23
1139,26
1140,15
1141,2
1142,11
1143,20
1144,12
1145,12
1146,15
1147,0
1148,11
1149,13
1150,42
1151,6
1152,18
1153,17
1154,9
1155,37
1156,28
1157,40
1158,16
1159,3
1160,33
1161,14
1162,0
1163,39
1164,42
1165,4
1166,2
1167,35
1168,42
1169,4
1170,20
1171,10
1172,26
1173,4
1174,21
1175,32
1176,16
1177,2
1178,16
1179,28
1180,29
1181,12
1182,23
1183,16
1184,24
1185,29
1186,37
1187,5
1188,28
1189,9
1190,3
1191,4
1192,19
1193,30
1194,1
1195,18
1196,0
1197,13
1198,20
1199,14
1200,38
1201,22
1202,4
1203,16
1204,21
1205,11
1206,20
1207,22
1208,32
1209,32
1210,7
1211,30
1212,6
1213,2
1214,5
1215,42
1216,3
1217,24
1218,35
1219,40
1220,8
1221,19
1222,1
1223,7
1224,33
1225,35
1226,3
1227,22
1228,6
1229,3
1230,10
1231,23
1232,27
1233,6
1234,14
1235,24
1236,20
1237,12
1238,35
1239,19
1240,31
1241,22
1242,39
1243,30
1244,11
1245,14
1246,1
1247,38
1248,39
1249,40
1250,1
1251,27
1252,19
1253,6
1254,14
1255,20
1256,35
1257,8
1258,33
1259,17
1260,36
1261,42
1262,33
1263,32
1264,38
1265,10
1266,7
1267,34
1268,15
1269,7
1270,14
1271,32
1272,36
1273,24
1274,17
1275,29
1276,41
1277,0
1278,20
1279,35
1280,17
1281,22
1282,2
1283,15
1284,12
1285,38
1286,13
1287,25
1288,0
1289,30
1290,11
1291,31
1292,27
1293,19
1294,7
1295,30
1296,13
1297,27
1298,12
1299,16
1300,31
1301,24
1302,4
1303,8
1304,5
1305,14
1306,21
1307,34
1308,25
1309,40
1310,23
1311,3
1312,14
1313,9
1314,37
1315,37
1316,7
1317,24
1318,39
1319,5
1320,42
1321,28
1322,32
1323,19
1324,37
1325,3
1326,24
1327,32
1328,32
1329,38
1330,19
1331,16
1332,20
1333,11
1334,17
1335,34
1336,41
1337,32
1338,40
1339,34
1340,14
1341,35
1342,26
1343,21
1344,4
1345,0
1346,3
1347,26
1348,15
1349,7
1350,22
1351,35
1352,13
1353,5
1354,5
1355,10
1356,15
1357,18
1358,22
1359,0
1360,14
1361,38
1362,24
1363,28
1364,29
1365,19
1366,6
1367,39
1368,34
1369,41
1370,13
1371,12
1372,28
1373,26
1374,32
1375,29
1376,36
1377,30
1378,2
1379,5
1380,11
1381,12
1382,1
1383,31
1384,29
1385,27
1386,31
1387,17
1388,13
1389,29
1390,14
1391,26
1392,17
1393,12
1394,21
1395,21
1396,16
1397,10
1398,32
1399,17
1400,34
1401,42
1402,22
1403,8
1404,11
1405,1
1406,2
1407,1
1408,35
1409,28
1410,41
1411,9
1412,35
1413,7
1414,41
1415,31
1416,26
1417,37
1418,26
1419,9
1420,22
1421,7
1422,8
1423,7
1424,6
1425,7
1426,9
1427,41
1428,2
1429,10
1430,5
1431,9
1432,6
1433,38
1434,0
1435,36
1436,14
1437,0
1438,29
1439,24
1440,21
1441,42
1442,23
1443,32
1444,33
1445,28
1446,7
1447,39
1448,36
1449,9
1450,21
1451,30
1452,17
1453,25
1454,9
1455,12
1456,5
1457,25
1458,13
1459,22
1460,39
1461,8
1462,19
1463,1
1464,3
1465,42
1466,33
1467,14
1468,18
1469,32
1470,29
1471,35
1472,21
1473,33
1474,40
1475,9
1476,3
1477,6
1478,35
1479,28
1480,37
1481,17
1482,16
1483,17
1484,7
1485,33
1486,14
1487,31
1488,42
1489,40
1490,20
1491,4
1492,27
1493,14
1494,39
1495,36
1496,10
1497,4
1498,11
1499,26
1500,11
1501,15
1502,32
1503,24
1504,32
1505,39
1506,38
1507,16
1508,12
1509,26
1510,0
1511,7
1512,27
1513,0
1514,21
1515,32
1516,27
1517,23
1518,12
1519,14
1520,30
1521,13
1522,6
1523,35
1524,8
1525,18
1526,3
1527,29
1528,16
1529,42
1530,30
1531,13
1532,31
1533,23
1534,41
1535,14
1536,0
1537,11
1538,7
1539,0
1540,28
1541,24
1542,17
1543,8
1544,21
1545,2
1546,4
1547,14
1548,18
1549,39
1550,3
1551,29
1552,9
1553,22
1554,13
1555,31
1556,4
1557,7
1558,10
1559,16
1560,35
1561,35
1562,13
1563,39
1564,26
1565,9
1566,19
1567,0
1568,31
1569,18
1570,34
1571,18
1572,42
1573,35
1574,24
1575,22
1576,22
1577,32
1578,31
1579,23
1580,31
1581,3
1582,12
1583,40
1584,30
1585,7
1586,42
1587,4
1588,31
1589,5
1590,11
1591,32
1592,12
1593,40
1594,35
1595,41
1596,22
1597,34
1598,9
1599,12
1600,38
1601,26
1602,30
1603,6
1604,17
1605,19
1606,26
1607,12
1608,9
1609,25
1610,25
1611,27
1612,15
1613,0
1614,17
1615,9
1616,14
1617,39
1618,29
1619,38
1620,39
1621,2
1622,27
1623,7
1624,32
1625,7
1626,26
1627,40
1628,4
1629,8
1630,3
1631,42
1632,0
1633,5
1634,36
1635,36
1636,18
1637,23
1638,41
1639,1
1640,34
1641,19
1642,32
1643,10
1644,21
1645,18
1646,36
1647,5
1648,6
1649,2
1650,35
1651,19
1652,21
1653,33
1654,38
1655,41
1656,7
1657,8
1658,30
1659,23
1660,38
1661,24
1662,34
1663,0
1664,15
1665,23
1666,31
1667,4
1668,15
1669,42
1670,12
1671,20
1672,25
1673,27
1674,8
1675,6
1676,6
1677,40
1678,20
1679,12
1680,22
1681,18
1682,10
1683,32
1684,14
1685,39
1686,15
1687,21
1688,19
1689,41
1690,27
1691,12
1692,9
1693,20
1694,30
1695,25
1696,14
1697,12
1698,0
1699,26
1700,28
1701,40
1702,26
1703,23
1704,30
1705,15
1706,16
1707,19
1708,5
1709,8
1710,0
1711,41
1712,13
1713,1
1714,34
1715,5
1716,35
1717,14
1718,12
1719,10
1720,31
1721,17
1722,4
1723,2
1724,41
1725,14
1726,19
1727,41
1728,7
1729,27
1730,14
1731,36
1732,42
1733,20
1734,12
1735,9
1736,27
1737,24
1738,21
1739,21
1740,6
1741,7
1742,14
1743,6
1744,23
1745,36
1746,20
1747,11
1748,17
1749,14
1750,22
1751,4
1752,25
1753,0
1754,23
1755,5
1756,21
1757,13
1758,35
1759,29
1760,24
1761,19
1762,0
1763,24
1764,2
1765,7
1766,37
1767,29
1768,36
1769,16
1770,19
1771,0
1772,17
1773,7
1774,34
1775,18
1776,20
1777,10
1778,32
1779,12
1780,17
1781,12
1782,27
1783,28
1784,9
1785,41
1786,27
1787,11
1788,12
1789,23
1790,24
1791,15
1792,41
1793,30
1794,37
1795,15
1796,17
1797,32
1798,17
1799,34
1800,11
1801,13
1802,36
1803,2
1804,4
1805,21
1806,36
1807,7
1808,28
1809,41
1810,8
1811,36
1812,18
1813,26
1814,12
1815,23
1816,10
1817,32
1818,37
1819,19
1820,36
1821,29
1822,39
1823,9
1824,22
1825,6
1826,21
1827,8
1828,20
1829,26
1830,24
1831,36
1832,30
1833,3
1834,2
1835,7
1836,36
1837,12
1838,10
1839,33
1840,1
1841,22
1842,18
1843,28
1844,30
1845,28
1846,9
1847,13
1848,28
1849,37
1850,41
1851,4
1852,9
1853,37
1854,33
1855,15
1856,14
1857,19
1858,21
1859,21
1860,0
1861,19
1862,4
1863,1
1864,18
1865,27
1866,0
1867,32
1868,30
1869,39
1870,34
1871,13
1872,32
1873,17
1874,11
1875,26
1876,30
1877,13
1878,2
1879,28
1880,0
1881,12
1882,16
1883,4
1884,31
1885,33
1886,18
1887,2
1888,34
1889,11
1890,20
1891,20
1892,11
1893,40
1894,24
1895,2
1896,40
1897,12
1898,7
1899,38
1900,5
1901,29
1902,7
1903,24
1904,19
1905,25
1906,36
1907,34
1908,4
1909,0
1910,16
1911,9
1912,27
1913,15
1914,41
1915,21
1916,36
1917,39
1918,5
1919,39
1920,11
1921,30
1922,30
1923,28
1924,13
1925,38
1926,25
1927,3
1928,34
1929,32
1930,1
1931,33
1932,18
1933,41
1934,32
1935,37
1936,33
1937,7
1938,35
1939,40
1940,25
1941,33
1942,42
1943,14
1944,4
1945,29
1946,26
1947,39
1948,31
1949,10
1950,42
1951,9
1952,4
1953,1
1954,26
1955,10
1956,31
1957,42
1958,4
1959,20
1960,23
1961,9
1962,7
1963,9
1964,39
1965,36
1966,8
1967,33
1968,24
1969,18
1970,21
1971,8
1972,26
1973,9
1974,5
1975,24
1976,1
1977,1
1978,16
1979,20
1980,11
1981,2
1982,18
1983,38
1984,27
1985,25
1986,40
1987,8
1988,31
1989,33
1990,16
1991,29
1992,12
1993,30
1994,33
1995,5
1996,38
1997,9
1998,6
1999,23
2000,32
2001,16
2002,4
2003,15
2004,28
2005,29
2006,32
2007,17
2008,38
2009,31
2010,34
2011,28
2012,12
2013,25
2014,13
2015,24
2016,26
2017,20
2018,28
2019,40
2020,28
2021,28
2022,34
2023,15
2024,7
2025,21
2026,33
2027,26
2028,25
2029,1
2030,39
2031,39
2032,14
2033,1
2034,19
2035,17
2036,15
2037,41
2038,38
2039,30
2040,42
2041,12
2042,28
2043,33
2044,15
2045,6
2046,29
2047,1
2048,0
2049,24
2050,40
2051,8
2052,8
2053,2
2054,40
2055,10
2056,24
2057,33
2058,33
2059,4
2060,30
2061,7
2062,21
2063,22
2064,28
2065,4
2066,11
2067,27
2068,6
2069,28
2070,30
2071,41
2072,5
2073,18
2074,11
2075,27
2076,22
2077,42
2078,42
2079,15
2080,21
2081,40
2082,8
2083,30
2084,0
2085,2
2086,20
2087,7
2088,8
2089,40
2090,26
2091,22
2092,15
2093,30
2094,0
2095,29
2096,35
2097,5
2098,15
2099,26
2100,2
2101,14
2102,0
2103,42
2104,19
2105,11
2106,21
2107,35
2108,15
2109,5
2110,33
2111,33
2112,40
2113,24
2114,14
2115,29
2116,22
2117,13
2118,21
2119,12
2120,0
2121,26
2122,26
2123,24
2124,4
2125,0
2126,7
2127,25
2128,33
2129,14
2130,36
2131,2
2132,7
2133,3
2134,18
2135,5
2136,26
2137,21
2138,10
2139,14
2140,23
2141,29
2142,26
2143,13
2144,9
2145,7
2146,31
2147,5
2148,4
2149,21
2150,20
2151,28
2152,28
2153,2
2154,15
2155,38
2156,12
2157,9
2158,26
2159,38
2160,3
2161,19
2162,26
2163,26
2164,33
2165,28
2166,37
2167,17
2168,3
2169,38
2170,3
2171,27
2172,19
2173,22
2174,13
2175,21
2176,9
2177,24
2178,3
2179,9
2180,16
2181,38
2182,0
2183,2
2184,35
2185,33
2186,38
2187,2
2188,2
2189,37
2190,2
2191,34
2192,42
2193,25
2194,0
2195,18
2196,37
2197,13
2198,24
2199,22
2200,35
2201,26
2202,11
2203,41
2204,38
2205,36
2206,5
2207,22
2208,6
2209,40
2210,22
2211,11
2212,32
2213,13
2214,10
2215,18
2216,20
2217,28
2218,5
2219,21
2220,24
2221,8
2222,2
2223,34
2224,3
2225,42
2226,13
2227,7
2228,39
2229,3
2230,35
2231,17
2232,5
2233,37
2234,40
2235,39
2236,41
2237,19
2238,9
2239,34
2240,32
2241,10
2242,21
2243,23
2244,34
2245,35
2246,23
2247,17
2248,38
2249,5
2250,19
2251,1
2252,40
2253,33
2254,39
2255,1
2256,2
2257,16
2258,35
2259,1
2260,2
2261,27
2262,7
2263,11
2264,40
2265,24
2266,42
2267,42
2268,42
2269,18
2270,27
2271,41
2272,40
2273,15
2274,32
2275,10
2276,4
2277,7
2278,35
2279,39
2280,28
2281,8
2282,22
2283,29
2284,15
2285,23
2286,22
2287,6
2288,8
2289,13
2290,40
2291,20
2292,22
2293,6
2294,15
2295,5
2296,21
2297,2
2298,42
2299,21
2300,38
2301,10
2302,17
2303,8
2304,37
2305,30
2306,23
2307,37
2308,36
2309,33
2310,8
2311,11
2312,25
2313,21
2314,33
2315,9
2316,28
2317,4
2318,8
2319,5
2320,20
2321,31
2322,21
2323,22
2324,40
2325,33
2326,26
2327,13
2328,40
2329,35
2330,22
2331,11
2332,42
2333,23
2334,10
2335,34
2336,38
2337,36
2338,18
2339,27
2340,19
2341,37
2342,12
2343,27
2344,40
2345,1
2346,28
2347,16
2348,31
2349,26
2350,7
2351,11
2352,5
2353,18
2354,27
2355,24
2356,12
2357,15
2358,31
2359,24
2360,40
2361,35
2362,26
2363,34
2364,23
2365,32
2366,29
2367,18
2368,5
2369,20
2370,12
2371,4
2372,11
2373,0
2374,5
2375,29
2376,40
2377,36
2378,29
2379,9
2380,27
2381,32
2382,7
2383,17
2384,23
2385,26
2386,4
2387,20
2388,34
2389,39
2390,20
2391,36
2392,23
2393,25
2394,24
2395,17
2396,6
2397,26
2398,40
2399,38
2400,13
2401,15
2402,30
2403,29
2404,27
2405,22
2406,9
2407,26
2408,31
2409,23
2410,38
2411,36
2412,16
2413,36
2414,32
2415,40
2416,11
2417,16
2418,10
2419,37
2420,15
2421,34
2422,15
2423,19
2424,40
2425,14
2426,14
2427,21
2428,29
2429,0
2430,0
2431,42
2432,18
2433,33
2434,42
2435,29
2436,20
2437,31
2438,0
2439,25
2440,20
2441,8
2442,22
2443,40
2444,41
2445,14
2446,15
2447,21
2448,19
2449,3
2450,26
2451,42
2452,34
2453,40
2454,22
2455,29
2456,25
2457,17
2458,15
2459,20
2460,1
2461,15
2462,42
2463,31
2464,16
2465,5
2466,18
2467,23
2468,30
2469,23
2470,12
2471,29
2472,22
2473,34
2474,4
2475,0
2476,16
2477,30
2478,37
2479,3
2480,21
2481,13
2482,19
2483,30
2484,19
2485,39
2486,14
2487,27
2488,40
2489,11
2490,39
2491,17
2492,20
2493,27
2494,17
2495,16
2496,14
2497,23
2498,27
2499,2
2500,36
2501,26
2502,9
2503,19
2504,28
2505,36
2506,15
2507,24
2508,23
2509,39
2510,14
2511,10
2512,23
2513,5
2514,4
2515,25
2516,10
2517,10
2518,2
2519,17
2520,4
2521,38
2522,40
2523,8
2524,14
2525,28
2526,12
2527,25
2528,39
2529,0
2530,32
2531,2
2532,9
2533,42
2534,28
2535,6
2536,23
2537,35
2538,3
2539,29
2540,8
2541,7
2542,26
2543,16
2544,12
2545,40
2546,24
2547,5
2548,35
2549,2
2550,17
2551,29
2552,4
2553,7
2554,38
2555,26
2556,1
2557,1
2558,3
2559,7
2560,35
2561,39
2562,0
2563,15
2564,40
2565,38
2566,2
2567,20
2568,40
2569,15
2570,14
2571,29
2572,38
2573,25
2574,24
2575,23
2576,32
2577,7
2578,1
2579,38
2580,11
2581,39
2582,35
2583,2
2584,5
2585,39
2586,26
2587,26
2588,21
2589,11
2590,22
2591,42
2592,3
2593,32
2594,13
2595,13
2596,34
2597,22
2598,21
2599,28
2600,11
2601,6
2602,32
2603,11
2604,7
2605,25
2606,4
2607,20
2608,29
2609,5
2610,19
2611,9
2612,38
2613,3
2614,20
2615,32
2616,23
2617,42
2618,14
2619,3
2620,23
2621,3
2622,35
2623,14
2624,2
2625,16
2626,42
2627,26
2628,18
2629,2
2630,24
2631,3
2632,39
2633,17
2634,23
2635,19
2636,0
2637,25
2638,25
2639,37
2640,24
2641,0
2642,6
2643,6
2644,28
2645,25
2646,19
2647,25
2648,22
2649,22
2650,1
2651,32
2652,7
2653,8
2654,1
2655,34
2656,31
2657,18
2658,15
2659,7
2660,34
2661,10
2662,16
2663,20
2664,10
2665,11
2666,32
2667,36
2668,5
2669,7
2670,30
2671,11
2672,18
2673,17
2674,21
2675,38
2676,36
2677,19
2678,15
2679,35
2680,32
2681,36
2682,21
2683,20
2684,19
2685,12
2686,10
2687,31
2688,5
2689,29
2690,38
2691,7
2692,39
2693,40
2694,3
2695,2
2696,23
2697,37
2698,21
2699,31
2700,33
2701,16
2702,32
2703,36
2704,38
2705,8
2706,8
2707,7
2708,13
2709,13
2710,30
2711,3
2712,17
2713,25
2714,39
2715,37
2716,5
2717,0
2718,33
2719,33
2720,31
2721,3
2722,19
2723,7
2724,19
2725,18
2726,14
2727,9
2728,33
2729,27
2730,8
2731,12
2732,5
2733,28
2734,38
2735,42
2736,10
2737,25
2738,39
2739,1
2740,40
2741,24
2742,19
2743,6
2744,25
2745,33
2746,36
2747,36
2748,32
2749,20
2750,30
2751,23
2752,8
2753,27
2754,14
2755,38
2756,35
2757,24
2758,7
2759,29
2760,1
2761,8
2762,18
2763,1
2764,14
2765,1
2766,38
2767,28
2768,10
2769,39
2770,30
2771,22
2772,18
2773,0
2774,2
2775,29
2776,25
2777,7
2778,36
2779,7
2780,24
2781,8
2782,20
2783,2
2784,19
2785,29
2786,24
2787,4
2788,30
2789,17
2790,37
2791,8
2792,5
2793,27
2794,3
2795,34
2796,26
2797,2
2798,36
2799,36
2800,41
2801,30
2802,0
2803,38
2804,37
2805,14
2806,24
2807,41
2808,26
2809,26
2810,36
2811,4
2812,25
2813,20
2814,0
2815,12
2816,41
2817,3
2818,27
2819,14
2820,3
2821,23
2822,17
2823,40
2824,24
2825,18
2826,5
2827,17
2828,4
2829,16
2830,31
2831,4
2832,40
2833,3
2834,35
2835,27
2836,34
2837,8
2838,23
2839,23
2840,36
2841,24
2842,4
2843,10
2844,9
2845,26
2846,10
2847,9
2848,16
2849,9
2850,3
2851,26
2852,0
2853,32
2854,42
2855,30
2856,5
2857,4
2858,31
2859,2
2860,1
2861,6
2862,19
2863,29
2864,26
2865,9
2866,37
2867,13
2868,37
2869,24
2870,4
2871,23
2872,24
2873,1
2874,36
2875,39
2876,33
2877,33
2878,35
2879,10
2880,23
2881,9
2882,38
2883,20
2884,24
2885,38
2886,36
2887,37
2888,33
2889,42
2890,11
2891,25
2892,4
2893,0
2894,15
2895,37
2896,36
2897,25
2898,10
2899,7
2900,11
2901,22
2902,6
2903,6
2904,26
2905,23
2906,35
2907,30
2908,7
2909,38
2910,42
2911,28
2912,8
2913,6
2914,9
2915,33
2916,40
2917,32
2918,15
2919,15
2920,34
2921,41
2922,26
2923,28
2924,27
2925,38
2926,40
2927,17
2928,28
2929,7
2930,25
2931,36
2932,17
2933,19
2934,31
2935,8
2936,3
2937,0
2938,30
2939,20
2940,38
2941,5
2942,5
2943,19
2944,0
2945,21
2946,1
2947,22
2948,41
2949,27
2950,13
2951,37
2952,42
2953,13
2954,24
2955,18
2956,14
2957,8
2958,33
2959,15
2960,24
2961,26
2962,6
2963,17
2964,22
2965,0
2966,15
2967,18
2968,13
2969,6
2970,4
2971,8
2972,37
2973,13
2974,13
2975,34
2976,42
2977,40
2978,32
2979,39
2980,16
2981,13
2982,2
2983,32
2984,21
2985,41
2986,25
2987,10
2988,1
2989,8
2990,38
2991,26
2992,19
2993,35
2994,26
2995,41
2996,31
2997,0
2998,5
2999,17
3000,4
3001,3
3002,0
3003,34
3004,40
3005,37
3006,36
3007,14
3008,28
3009,20
3010,3
3011,12
3012,11
3013,22
3014,20
3015,39
3016,10
3017,14
3018,13
3019,31
3020,23
3021,22
3022,11
3023,33
3024,23
3025,17
3026,17
3027,7
3028,38
3029,13
3030,38
3031,1
3032,31
3033,28
3034,23
3035,14
3036,26
3037,14
3038,9
3039,36
3040,23
3041,21
3042,14
3043,7
3044,21
3045,26
3046,4
3047,7
3048,8
3049,11
3050,7
3051,36
3052,1
3053,38
3054,21
3055,18
3056,3
3057,21
3058,16
3059,5
3060,41
3061,21
3062,40
3063,36
3064,6
3065,7
3066,3
3067,24
3068,4
3069,32
3070,16
3071,18
3072,13
3073,9
3074,6
3075,36
3076,24
3077,1
3078,2
3079,20
3080,7
3081,25
3082,13
3083,8
3084,30
3085,15
3086,41
3087,24
3088,29
3089,13
3090,10
3091,32
3092,39
3093,4
3094,27
3095,21
3096,20
3097,17
3098,32
3099,12
3100,8
3101,14
3102,6
3103,1
3104,18
3105,19
3106,10
3107,33
3108,28
3109,0
3110,21
3111,20
3112,23
3113,9
3114,9
3115,4
3116,10
3117,21
3118,17
3119,37
3120,31
3121,38
3122,9
3123,1
3124,27
3125,20
3126,14
3127,13
3128,18
3129,38
3130,6
3131,37
3132,2
3133,19
3134,35
3135,25
3136,17
3137,34
3138,26
3139,8
3140,28
3141,23
3142,32
3143,12
3144,6
3145,35
3146,35
3147,37
3148,23
3149,40
3150,11
3151,17
3152,30
3153,38
3154,24
3155,41
3156,11
3157,7
3158,21
3159,1
3160,15
3161,6
3162,34
3163,32
3164,29
3165,25
3166,27
3167,1
3168,24
3169,25
3170,27
3171,1
3172,38
3173,28
3174,42
3175,13
3176,24
3177,17
3178,39
3179,36
3180,31
3181,12
3182,6
3183,39
3184,16
3185,28
3186,31
3187,27
3188,7
3189,39
3190,16
3191,29
3192,12
3193,28
3194,34
3195,0
3196,20
3197,5
3198,23
3199,2
3200,6
3201,1
3202,24
3203,39
3204,42
3205,32
3206,25
3207,11
3208,7
3209,27
3210,26
3211,16
3212,42
3213,23
3214,26
3215,8
3216,15
3217,6
3218,26
3219,31
3220,33
3221,6
3222,36
3223,13
3224,16
3225,16
3226,33
3227,3
3228,32
3229,35
3230,14
3231,9
3232,23
3233,17
3234,5
3235,24
3236,10
3237,8
3238,13
3239,35
3240,5
3241,19
3242,27
3243,7
3244,17
3245,12
3246,36
3247,33
3248,2
3249,10
3250,5
3251,27
3252,14
3253,27
3254,35
3255,14
3256,37
3257,27
3258,10
3259,38
3260,6
3261,15
3262,5
3263,29
3264,6
3265,6
3266,12
3267,8
3268,30
3269,33
3270,38
3271,37
3272,27
3273,29
3274,5
3275,0
3276,37
3277,34
3278,17
3279,12
3280,40
3281,33
3282,22
3283,13
3284,36
3285,6
3286,0
3287,1
3288,34
3289,30
3290,37
3291,36
3292,12
3293,5
3294,5
3295,12
3296,41
3297,31
3298,9
3299,6
3300,27
3301,2
3302,8
3303,28
3304,7
3305,14
3306,27
3307,29
3308,1
3309,27
3310,1
3311,0
3312,39
3313,18
3314,20
3315,18
3316,33
3317,31
3318,32
3319,37
3320,11
3321,23
3322,41
3323,14
3324,17
3325,23
3326,12
3327,22
3328,10
3329,26
3330,39
3331,22
3332,2
3333,2
3334,28
3335,35
3336,14
3337,8
3338,11
3339,17
3340,31
3341,42
3342,18
3343,23
3344,19
3345,23
3346,2
3347,27
3348,39
3349,20
3350,4
3351,23
3352,5
3353,19
3354,32
3355,33
3356,18
3357,16
3358,31
3359,8
3360,15
3361,24
3362,11
3363,16
3364,19
3365,26
3366,24
3367,14
3368,16
3369,10
3370,6
3371,14
3372,37
3373,24
3374,5
3375,16
3376,42
3377,8
3378,23
3379,27
3380,24
3381,17
3382,17
3383,34
3384,9
3385,21
3386,32
3387,42
3388,32
3389,24
3390,36
3391,31
3392,29
3393,41
3394,9
3395,35
3396,31
3397,9
3398,32
3399,7
3400,42
3401,23
3402,26
3403,42
3404,26
3405,5
3406,14
3407,11
3408,28
3409,20
3410,22
3411,17
3412,11
3413,12
3414,21
3415,34
3416,0
3417,12
3418,38
3419,16
3420,31
3421,9
3422,36
3423,10
3424,16
3425,28
3426,21
3427,29
3428,42
3429,11
3430,39
3431,25
3432,30
3433,29
3434,18
3435,37
3436,28
3437,9
3438,30
3439,27
3440,10
3441,38
3442,5
3443,31
3444,36
3445,37
3446,0
3447,15
3448,20
3449,21
3450,26
3451,40
3452,38
3453,41
3454,28
3455,28
3456,6
3457,23
3458,8
3459,5
3460,21
3461,22
3462,28
3463,23
3464,12
3465,21
3466,33
3467,5
3468,33
3469,42
3470,28
3471,30
3472,34
3473,27
3474,35
3475,17
3476,2
3477,2
3478,5
3479,20
3480,23
3481,26
3482,27
3483,12
3484,42
3485,7
3486,3
3487,35
3488,21
3489,29
3490,8
3491,33
3492,27
3493,22
3494,6
3495,4
3496,37
3497,0
3498,1
3499,34
3500,10
3501,39
3502,7
3503,27
3504,11
3505,10
3506,25
3507,38
3508,24
3509,3
3510,4
3511,10
3512,11
3513,19
3514,2
3515,26
3516,21
3517,27
3518,16
3519,30
3520,12
3521,7
3522,11
3523,38
3524,36
3525,25
3526,8
3527,0
3528,40
3529,31
3530,39
3531,4
3532,35
3533,33
3534,27
3535,11
3536,1
3537,19
3538,36
3539,35
3540,42
3541,0
3542,19
3543,17
3544,38
3545,37
3546,36
3547,42
3548,36
3549,6
3550,35
3551,14
3552,15
3553,38
3554,35
3555,39
3556,4
3557,25
3558,41
3559,22
3560,37
3561,5
3562,22
3563,0
3564,36
3565,30
3566,21
3567,19
3568,17
3569,18
3570,34
3571,28
3572,12
3573,22
3574,7
3575,6
3576,35
3577,19
3578,17
3579,6
3580,12
3581,14
3582,10
3583,42
3584,26
3585,32
3586,15
3587,19
3588,6
3589,23
3590,37
3591,30
3592,38
3593,27
3594,11
3595,39
3596,1
3597,6
3598,37
3599,32
3600,30
3601,18
3602,31
3603,24
3604,36
3605,33
3606,16
3607,24
3608,39
3609,6
3610,12
3611,28
3612,4
3613,24
3614,2
3615,28
3616,11
3617,13
3618,5
3619,16
3620,30
3621,26
3622,28
3623,21
3624,21
3625,28
3626,24
3627,6
3628,4
3629,8
3630,24
3631,40
3632,29
3633,5
3634,4
3635,11
3636,10
3637,16
3638,9
3639,29
3640,2
3641,28
3642,32
3643,31
3644,32
3645,3
3646,27
3647,11
3648,30
3649,33
3650,18
3651,37
3652,32
3653,30
3654,30
3655,25
3656,20
3657,2
3658,3
3659,33
3660,23
3661,22
3662,40
3663,35
3664,20
3665,8
3666,7
3667,31
3668,20
3669,29
3670,14
3671,6
3672,5
3673,27
3674,12
3675,31
3676,37
3677,39
3678,4
3679,3
3680,36
3681,8
3682,33
3683,10
3684,42
3685,12
3686,37
3687,7
3688,41
3689,25
3690,22
3691,9
3692,21
3693,34
3694,24
3695,37
3696,13
3697,13
3698,17
3699,1
3700,24
3701,13
3702,3
3703,26
3704,17
3705,21
3706,34
3707,24
3708,17
3709,26
3710,36
3711,12
3712,2
3713,27
3714,42
3715,39
3716,2
3717,32
3718,22
3719,33
3720,23
3721,34
3722,2
3723,40
3724,31
3725,15
3726,25
3727,15
3728,13
3729,12
3730,9
3731,24
3732,20
3733,22
3734,14
3735,36
3736,1
3737,13
3738,38
3739,28
3740,5
3741,39
3742,41
3743,27
3744,27
3745,40
3746,9
3747,12
3748,0
3749,8
3750,22
3751,10
3752,11
3753,14
3754,38
3755,36
3756,28
3757,27
3758,9
3759,3
3760,31
3761,31
3762,3
3763,34
3764,4
3765,19
3766,29
3767,40
3768,3
3769,19
3770,6
3771,35
3772,38
3773,12
3774,11
3775,23
3776,11
3777,22
3778,29
3779,0
3780,1
3781,6
3782,5
3783,23
3784,11
3785,28
3786,29
3787,0
3788,12
3789,29
3790,5
3791,24
3792,35
3793,28
3794,2
3795,3
3796,8
3797,12
3798,4
3799,38
3800,18
3801,29
3802,36
3803,4
3804,30
3805,42
3806,23
3807,22
3808,30
3809,21
3810,19
3811,28
3812,14
3813,28
3814,40
3815,30
3816,17
3817,27
3818,40
3819,8
3820,3
3821,4
3822,0
3823,13
3824,9
3825,5
3826,17
3827,38
3828,4
3829,3
3830,20
3831,19
3832,3
3833,10
3834,33
3835,26
3836,18
3837,30
3838,26
3839,16
3840,17
3841,10
3842,19
3843,34
3844,32
3845,30
3846,18
3847,39
3848,14
3849,40
3850,25
3851,36
3852,26
3853,5
3854,17
3855,34
3856,24
3857,28
3858,31
3859,15
3860,0
3861,4
3862,32
3863,18
3864,41
3865,9
3866,22
3867,14
3868,23
3869,8
3870,10
3871,23
3872,15
3873,14
3874,10
3875,19
3876,21
3877,32
3878,38
3879,5
3880,42
3881,31
3882,39
3883,21
3884,28
3885,6
3886,3
3887,36
3888,37
3889,42
3890,16
3891,37
3892,25
3893,13
3894,4
3895,15
3896,1
3897,13
3898,8
3899,37
3900,34
3901,3
3902,41
3903,9
3904,15
3905,2
3906,0
3907,10
3908,42
3909,7
3910,14
3911,41
3912,20
3913,17
3914,40
3915,32
3916,40
3917,12
3918,19
3919,20
3920,36
3921,1
3922,17
3923,20
3924,20
3925,37
3926,9
3927,25
3928,23
3929,42
3930,22
3931,3
3932,16
3933,15
3934,15
3935,26
3936,41
3937,24
3938,34
3939,31
3940,37
3941,28
3942,33
3943,23
3944,8
3945,6
3946,19
3947,23
3948,38
3949,2
3950,40
3951,1
3952,10
3953,40
3954,42
3955,0
3956,3
3957,14
3958,5
3959,7
3960,16
3961,42
3962,41
3963,42
3964,30
3965,13
3966,25
3967,12
3968,32
3969,19
3970,16
3971,11
3972,16
3973,41
3974,13
3975,12
3976,30
3977,30
3978,35
3979,9
3980,8
3981,32
3982,9
3983,30
3984,28
3985,8
3986,39
3987,24
3988,21
3989,24
3990,33
3991,18
3992,24
3993,33
3994,2
3995,42
3996,3
3997,12
3998,20
3999,25
4000,15
4001,42
4002,8
4003,21
4004,36
4005,40
4006,25
4007,15
4008,26
4009,34
4010,5
4011,25
4012,41
4013,11
4014,37
4015,14
4016,19
4017,19
4018,36
4019,10
4020,22
4021,2
4022,1
4023,37
4024,13
4025,13
4026,35
4027,27
4028,24
4029,40
4030,33
4031,3
4032,35
4033,15
4034,28
4035,7
4036,9
4037,11
4038,3
4039,41
4040,24
4041,33
4042,40
4043,33
4044,24
4045,26
4046,24
4047,30
4048,27
4049,23
4050,17
4051,13
4052,41
4053,11
4054,29
4055,0
4056,18
4057,16
4058,16
4059,25
4060,38
4061,29
4062,1
4063,26
4064,40
4065,26
4066,38
4067,16
4068,22
4069,3
4070,9
4071,30
4072,35
4073,21
4074,22
4075,13
4076,29
4077,15
4078,0
4079,34
4080,40
4081,31
4082,0
4083,11
4084,21
4085,19
4086,7
4087,37
4088,15
4089,28
4090,26
4091,35
4092,21
4093,30
4094,1
4095,8
4096,31
4097,1
4098,34
4099,18
4100,2
4101,3
4102,14
4103,38
4104,14
4105,11
4106,35
4107,9
4108,4
4109,36
4110,38
4111,26
4112,17
4113,27
4114,21
4115,10
4116,17
4117,26
4118,0
4119,13
4120,24
4121,33
4122,38
4123,32
4124,31
4125,27
4126,10
4127,1
4128,33
4129,31
4130,30
4131,19
4132,12
4133,25
4134,6
4135,9
4136,4
4137,3
4138,25
4139,3
4140,5
4141,37
4142,11
4143,29
4144,27
4145,18
4146,4
4147,3
4148,15
4149,7
4150,16
4151,30
4152,26
4153,38
4154,21
4155,9
4156,19
4157,38
4158,23
4159,16
4160,33
4161,4
4162,3
4163,7
4164,19
4165,20
4166,16
4167,8
4168,8
4169,18
4170,37
4171,14
4172,9
4173,20
4174,9
4175,39
4176,16
4177,2
4178,4
4179,18
4180,12
4181,22
4182,33
4183,25
4184,10
4185,13
4186,36
4187,3
4188,30
4189,12
4190,24
4191,41
4192,26
4193,4
4194,25
4195,40
4196,14
4197,38
4198,26
4199,12
4200,31
4201,23
4202,40
4203,12
4204,28
4205,26
4206,6
4207,3
4208,6
4209,12
4210,27
4211,8
4212,25
4213,20
4214,24
4215,15
4216,39
4217,14
4218,42
4219,29
4220,4
4221,13
4222,18
4223,13
4224,32
4225,37
4226,25
4227,23
4228,22
4229,6
4230,6
4231,29
4232,1
4233,6
4234,9
4235,8
4236,21
4237,22
4238,32
4239,32
4240,12
4241,8
4242,11
4243,2
4244,21
4245,41
4246,36
4247,30
4248,29
4249,11
4250,9
4251,6
4252,16
4253,8
4254,42
4255,28
4256,14
4257,3
4258,30
4259,39
4260,13
4261,1
4262,14
4263,18
4264,9
4265,23
4266,39
4267,41
4268,15
4269,26
4270,16
4271,41
4272,37
4273,38
4274,33
4275,14
4276,8
4277,3
4278,14
4279,42
4280,10
4281,6
4282,22
4283,1
4284,39
4285,11
4286,38
4287,3
4288,37
4289,1
4290,8
4291,21
4292,1
4293,26
4294,15
4295,22
4296,0
4297,12
4298,2
4299,25
4300,3
4301,21
4302,0
4303,38
4304,12
4305,21
4306,24
4307,27
4308,37
4309,31
4310,1
4311,21
4312,18
4313,40
4314,7
4315,42
4316,0
4317,30
4318,17
4319,29
4320,41
4321,17
4322,12
4323,1
4324,18
4325,26
4326,35
4327,19
4328,12
4329,36
4330,11
4331,17
4332,31
4333,29
4334,37
4335,4
4336,2
4337,10
4338,33
4339,15
4340,38
4341,2
4342,13
4343,29
4344,11
4345,39
4346,8
4347,16
4348,40
4349,41
4350,14
4351,11
4352,42
4353,42
4354,27
4355,35
4356,10
4357,25
4358,25
4359,19
4360,9
4361,32
4362,16
4363,35
4364,24
4365,9
4366,18
4367,10
4368,29
4369,38
4370,15
4371,5
4372,5
4373,36
4374,40
4375,17
4376,1
4377,21
4378,19
4379,35
4380,30
4381,27
4382,6
4383,23
4384,37
4385,16
4386,19
4387,32
4388,35
4389,5
4390,2
4391,16
4392,32
4393,33
4394,17
4395,1
4396,38
4397,33
4398,1
4399,38
4400,3
4401,16
4402,28
4403,20
4404,25
4405,2
4406,22
4407,38
4408,35
4409,20
4410,39
4411,13
4412,25
4413,22
4414,2
4415,18
4416,14
4417,2
4418,20
4419,13
4420,39
4421,34
4422,21
4423,36
4424,28
4425,6
4426,19
4427,2
4428,25
4429,25
4430,40
4431,42
4432,1
4433,42
4434,37
4435,26
4436,4
4437,35
4438,16
4439,23
4440,14
4441,41
4442,22
4443,18
4444,20
4445,1
4446,14
4447,39
4448,15
4449,24
4450,22
4451,38
4452,17
4453,10
4454,19
4455,28
4456,41
4457,9
4458,14
4459,25
4460,40
4461,42
4462,7
4463,27
4464,36
4465,17
4466,27
4467,10
4468,28
4469,34
4470,33
4471,39
4472,30
4473,9
4474,14
4475,40
4476,21
4477,35
4478,42
4479,4
4480,39
4481,29
4482,6
4483,26
4484,19
4485,10
4486,28
4487,14
4488,5
4489,13
4490,38
4491,12
4492,39
4493,39
4494,24
4495,0
4496,24
4497,3
4498,11
4499,20
4500,0
4501,23
4502,41
4503,40
4504,4
4505,41
4506,34
4507,36
4508,3
4509,15
4510,10
4511,29
4512,17
4513,6
4514,35
4515,35
4516,4
4517,31
4518,19
4519,34
4520,25
4521,1
4522,34
4523,22
4524,22
4525,5
4526,28
4527,26
4528,24
4529,24
4530,3
4531,22
4532,27
4533,10
4534,11
4535,4
4536,23
4537,25
4538,0
4539,7
4540,3
4541,35
4542,10
4543,4
4544,32
4545,22
4546,19
4547,19
4548,22
4549,2
4550,15
4551,22
4552,1
4553,16
4554,37
4555,0
4556,27
4557,18
4558,35
4559,35
4560,3
4561,39
4562,3
4563,26
4564,13
4565,28
4566,36
4567,15
4568,11
4569,3
4570,20
4571,34
4572,23
4573,24
4574,7
4575,13
4576,19
4577,4
4578,2
4579,31
4580,42
4581,40
4582,28
4583,24
4584,34
4585,28
4586,14
4587,2
4588,9
4589,0
4590,7
4591,26
4592,9
4593,11
4594,1
4595,5
4596,1
4597,27
4598,39
4599,11
4600,26
4601,2
4602,12
4603,24
4604,10
4605,40
4606,24
4607,25
4608,14
4609,28
4610,5
4611,5
4612,37
4613,26
4614,5
4615,27
4616,25
4617,34
4618,28
4619,22
4620,10
4621,34
4622,19
4623,37
4624,0
4625,36
4626,31
4627,13
4628,18
4629,22
4630,9
4631,13
4632,30
4633,29
4634,38
4635,0
4636,41
4637,5
4638,6
4639,24
4640,30
4641,3
4642,4
4643,36
4644,20
4645,5
4646,38
4647,13
4648,6
4649,2
4650,40
4651,37
4652,11
4653,42
4654,31
4655,36
4656,2
4657,12
4658,39
4659,20
4660,35
4661,21
4662,14
4663,2
4664,33
4665,23
4666,23
4667,28
4668,8
4669,32
4670,41
4671,9
4672,16
4673,33
4674,28
4675,12
4676,15
4677,20
4678,28
4679,25
4680,38
4681,6
4682,4
4683,12
4684,23
4685,8
4686,6
4687,12
4688,15
4689,3
4690,20
4691,21
4692,41
4693,20
4694,42
4695,16
4696,14
4697,30
4698,8
4699,11
4700,40
4701,31
4702,19
4703,37
4704,35
4705,0
4706,39
4707,38
4708,1
4709,33
4710,1
4711,33
4712,2
4713,34
4714,42
4715,21
4716,13
4717,15
4718,8
4719,7
4720,3
4721,35
4722,38
4723,5
4724,3
4725,31
4726,22
4727,18
4728,40
4729,38
4730,0
4731,31
4732,6
4733,38
4734,3
4735,27
4736,6
4737,24
4738,29
4739,26
4740,22
4741,20
4742,2
4743,17
4744,8
4745,31
4746,35
4747,23
4748,0
4749,24
4750,35
4751,6
4752,3
4753,11
4754,29
4755,22
4756,37
4757,24
4758,21
4759,26
4760,20
4761,26
4762,40
4763,33
4764,6
4765,10
4766,0
4767,7
4768,25
4769,39
4770,6
4771,32
4772,36
4773,4
4774,33
4775,16
4776,36
4777,21
4778,26
4779,32
4780,33
4781,42
4782,14
4783,25
4784,2
4785,23
4786,22
4787,25
4788,13
4789,22
4790,0
4791,39
4792,5
4793,33
4794,22
4795,5
4796,23
4797,17
4798,13
4799,10
4800,33
4801,27
4802,17
4803,23
4804,26
4805,11
4806,30
4807,14
4808,24
4809,1
4810,8
4811,30
4812,25
4813,4
4814,24
4815,26
4816,30
4817,14
4818,9
4819,0
4820,37
4821,9
4822,23
4823,9
4824,24
4825,39
4826,30
4827,39
4828,20
4829,24
4830,42
4831,4
4832,32
4833,34
4834,33
4835,34
4836,41
4837,8
4838,22
4839,21
4840,16
4841,36
4842,1
4843,38
4844,42
4845,19
4846,23
4847,17
4848,25
4849,15
4850,25
4851,28
4852,2
4853,41
4854,6
4855,32
4856,22
4857,38
4858,17
4859,27
4860,36
4861,32
4862,42
4863,29
4864,24
4865,18
4866,31
4867,31
4868,22
4869,18
4870,34
4871,35
4872,0
4873,8
4874,33
4875,20
4876,17
4877,5
4878,41
4879,21
4880,26
4881,31
4882,32
4883,10
4884,9
4885,41
4886,19
4887,25
4888,40
4889,16
4890,19
4891,19
4892,10
4893,15
4894,26
4895,26
4896,3
4897,28
4898,34
4899,8
4900,24
4901,42
4902,33
4903,24
4904,37
4905,40
4906,20
4907,29
4908,37
4909,11
4910,11
4911,20
4912,15
4913,13
4914,36
4915,2
4916,24
4917,30
4918,15
4919,39
4920,39
4921,35
4922,36
4923,18
4924,23
4925,13
4926,9
4927,22
4928,42
4929,23
4930,31
4931,24
4932,0
4933,35
4934,38
4935,36
4936,17
4937,10
4938,1
4939,39
4940,14
4941,17
4942,42
4943,4
4944,37
4945,11
4946,0
4947,31
4948,32
4949,32
4950,4
4951,28
4952,19
4953,41
4954,15
4955,3
4956,23
4957,27
4958,6
4959,38
4960,13
4961,9
4962,34
4963,27
4964,16
4965,24
4966,35
4967,30
4968,22
4969,22
4970,25
4971,23
4972,19
4973,36
4974,9
4975,29
4976,25
4977,8
4978,29
4979,22
4980,36
4981,35
4982,23
4983,26
4984,27
4985,33
4986,30
4987,25
4988,0
4989,8
4990,9
4991,11
4992,12
4993,40
4994,5
4995,14
4996,24
4997,28
4998,9
4999,30
5000,37
5001,15
5002,34
5003,13
5004,25
5005,11
5006,3
5007,28
5008,42
5009,37
5010,17
5011,29
5012,10
5013,34
5014,26
5015,37
5016,12
5017,23
5018,19
5019,34
5020,39
5021,11
5022,24
5023,19
5024,12
5025,22
5026,3
5027,31
5028,27
5029,28
5030,8
5031,3
5032,24
5033,8
5034,31
5035,6
5036,36
5037,10
5038,7
5039,41
5040,21
5041,7
5042,9
5043,7
5044,40
5045,1
5046,11
5047,0
5048,0
5049,32
5050,23
5051,15
5052,38
5053,14
5054,17
5055,30
5056,1
5057,1
5058,35
5059,24
5060,26
5061,16
5062,24
5063,37
5064,9
5065,6
5066,7
5067,9
5068,24
5069,37
5070,35
5071,20
5072,18
5073,13
5074,32
5075,28
5076,3
5077,42
5078,8
5079,26
5080,15
5081,4
5082,9
5083,0
5084,3
5085,3
5086,39
5087,9
5088,22
5089,10
5090,39
5091,42
5092,27
5093,35
5094,4
5095,41
5096,30
5097,2
5098,31
5099,11
5100,27
5101,13
5102,13
5103,14
5104,25
5105,27
5106,16
5107,12
5108,19
5109,15
5110,13
5111,18
5112,25
5113,7
5114,8
5115,37
5116,39
5117,22
5118,7
5119,30
5120,23
5121,40
5122,7
5123,7
5124,14
5125,28
5126,41
5127,24
5128,19
5129,19
5130,27
5131,24
5132,28
5133,22
5134,32
5135,32
5136,15
5137,12
5138,8
5139,14
5140,22
5141,14
5142,37
5143,36
5144,8
5145,10
5146,29
5147,27
5148,41
5149,28
5150,42
5151,14
5152,32
5153,23
5154,14
5155,12
5156,19
5157,1
5158,16
5159,29
5160,14
5161,38
5162,38
5163,7
5164,7
5165,29
5166,22
5167,35
5168,15
5169,27
5170,33
5171,29
5172,38
5173,40
5174,5
5175,17
5176,6
5177,14
5178,29
5179,38
5180,38
5181,32
5182,6
5183,6
5184,40
5185,12
5186,13
5187,19
5188,40
5189,32
5190,37
5191,35
5192,22
5193,30
5194,21
5195,21
5196,9
5197,39
5198,9
5199,30
5200,10
5201,9
5202,36
5203,20
5204,41
5205,17
5206,15
5207,4
5208,30
5209,27
5210,41
5211,6
5212,6
5213,38
5214,19
5215,34
5216,20
5217,14
5218,2
5219,30
5220,40
5221,3
5222,13
5223,23
5224,38
5225,2
5226,30
5227,9
5228,5
5229,18
5230,18
5231,34
5232,41
5233,39
5234,41
5235,7
5236,7
5237,14
5238,18
5239,38
5240,29
5241,2
5242,24
5243,14
5244,19
5245,41
5246,29
5247,37
5248,5
5249,40
5250,38
5251,3
5252,11
5253,12
5254,26
5255,26
5256,18
5257,24
5258,23
5259,15
5260,8
5261,29
5262,42
5263,2
5264,22
5265,40
5266,9
5267,40
5268,29
5269,25
5270,40
5271,33
5272,12
5273,41
5274,19
5275,26
5276,5
5277,29
5278,29
5279,32
5280,33
5281,15
5282,33
5283,41
5284,42
5285,22
5286,34
5287,11
5288,15
5289,20
5290,34
5291,15
5292,13
5293,8
5294,3
5295,13
5296,23
5297,7
5298,18
5299,42
5300,15
5301,23
5302,11
5303,21
5304,18
5305,35
5306,20
5307,22
5308,3
5309,41
5310,12
5311,14
5312,12
5313,27
5314,30
5315,20
5316,41
5317,10
5318,32
5319,5
5320,24
5321,31
5322,42
5323,11
5324,8
5325,9
5326,31
5327,30
5328,15
5329,13
5330,22
5331,8
5332,32
5333,37
5334,9
5335,41
5336,30
5337,1
5338,23
5339,31
5340,39
5341,34
5342,27
5343,26
5344,35
5345,12
5346,32
5347,31
5348,33
5349,27
5350,1
5351,8
5352,28
5353,31
5354,28
5355,42
5356,38
5357,16
5358,20
5359,9
5360,23
5361,37
5362,23
5363,8
5364,35
5365,37
5366,13
5367,3
5368,8
5369,34
5370,25
5371,25
5372,27
5373,40
5374,3
5375,28
5376,18
5377,31
5378,24
5379,23
5380,24
5381,17
5382,7
5383,1
5384,0
5385,24
5386,11
5387,13
5388,7
5389,6
5390,26
5391,16
5392,2
5393,38
5394,41
5395,19
5396,5
5397,28
5398,28
5399,31
5400,19
5401,13
5402,20
5403,20
5404,34
5405,38
5406,23
5407,10
5408,4
5409,28
5410,38
5411,1
5412,38
5413,23
5414,30
5415,34
5416,26
5417,16
5418,42
5419,37
5420,10
5421,34
5422,24
5423,0
5424,16
5425,18
5426,5
5427,3
5428,32
5429,22
5430,19
5431,5
5432,1
5433,23
5434,9
5435,19
5436,32
5437,5
5438,28
5439,13
5440,2
5441,31
5442,27
5443,8
5444,42
5445,35
5446,14
5447,34
5448,13
5449,12
5450,23
5451,12
5452,26
5453,36
5454,35
5455,26
5456,19
5457,15
5458,2
5459,40
5460,19
5461,25
5462,1
5463,37
5464,39
5465,14
5466,38
5467,15
5468,11
5469,14
5470,15
5471,35
5472,24
5473,38
5474,1
5475,20
5476,10
5477,5
5478,29
5479,42
5480,22
5481,0
5482,28
5483,11
5484,33
5485,3
5486,4
5487,26
5488,4
5489,7
5490,42
5491,37
5492,13
5493,35
5494,5
5495,7
5496,41
5497,11
5498,19
5499,27
5500,28
5501,9
5502,19
5503,15
5504,26
5505,2
5506,2
5507,34
5508,41
5509,37
5510,15
5511,0
5512,23
5513,21
5514,42
5515,8
5516,28
5517,28
5518,34
5519,13
5520,40
5521,41
5522,20
5523,10
5524,28
5525,9
5526,39
5527,32
5528,25
5529,13
5530,16
5531,24
5532,41
5533,34
5534,1
5535,42
5536,30
5537,4
5538,38
5539,12
5540,33
5541,21
5542,29
5543,11
5544,41
5545,39
5546,33
5547,23
5548,34
5549,32
5550,4
5551,4
5552,8
5553,33
5554,35
5555,35
5556,37
5557,3
5558,18
5559,23
5560,42
5561,42
5562,9
5563,36
5564,27
5565,38
5566,12
5567,6
5568,22
5569,1
5570,36
5571,33
5572,24
5573,1
5574,3
5575,23
5576,19
5577,32
5578,21
5579,27
5580,21
5581,19
5582,37
5583,14
5584,39
5585,14
5586,27
5587,16
5588,5
5589,34
5590,39
5591,3
5592,41
5593,22
5594,22
5595,3
5596,1
5597,21
5598,37
5599,2
5600,12
5601,26
5602,36
5603,5
5604,27
5605,0
5606,2
5607,34
5608,40
5609,1
5610,21
5611,30
5612,5
5613,42
5614,22
5615,17
5616,2
5617,8
5618,34
5619,21
5620,20
5621,40
5622,5
5623,4
5624,28
5625,20
5626,3
5627,21
5628,33
5629,21
5630,6
5631,38
5632,11
5633,32
5634,15
5635,39
5636,41
5637,7
5638,13
5639,34
5640,42
5641,20
5642,42
5643,11
5644,30
5645,37
5646,32
5647,34
5648,3
5649,25
5650,33
5651,4
5652,16
5653,31
5654,42
5655,4
5656,32
5657,41
5658,30
5659,17
5660,22
5661,39
5662,12
5663,41
5664,41
5665,1
5666,31
5667,1
5668,23
5669,9
5670,0
5671,40
5672,37
5673,39
5674,11
5675,22
5676,29
5677,18
5678,20
5679,39
5680,8
5681,9
5682,35
5683,34
5684,14
5685,18
5686,35
5687,13
5688,32
5689,14
5690,37
5691,12
5692,42
5693,28
5694,33
5695,23
5696,6
5697,20
5698,22
5699,31
5700,0
5701,32
5702,30
5703,4
5704,28
5705,16
5706,20
5707,12
5708,2
5709,28
5710,3
5711,10
5712,21
5713,16
5714,39
5715,33
5716,31
5717,11
5718,20
5719,33
5720,24
5721,17
5722,13
5723,12
5724,34
5725,30
5726,9
5727,28
5728,4
5729,16
5730,19
5731,35
5732,18
5733,5
5734,19
5735,4
5736,39
5737,40
5738,36
5739,32
5740,4
5741,14
5742,36
5743,41
5744,25
5745,21
5746,22
5747,42
5748,32
5749,15
5750,17
5751,31
5752,6
5753,38
5754,17
5755,28
5756,20
5757,11
5758,23
5759,32
5760,28
5761,16
5762,41
5763,24
5764,25
5765,32
5766,28
5767,13
5768,0
5769,41
5770,2
5771,33
5772,27
5773,20
5774,30
5775,10
5776,19
5777,1
5778,19
5779,37
5780,35
5781,21
5782,12
5783,18
5784,29
5785,39
5786,6
5787,16
5788,30
5789,21
5790,8
5791,15
5792,17
5793,14
5794,7
5795,10
5796,30
5797,24
5798,6
5799,22
5800,14
5801,23
5802,28
5803,23
5804,35
5805,29
5806,21
5807,5
5808,41
5809,41
5810,38
5811,31
5812,6
5813,36
5814,28
5815,5
5816,15
5817,10
5818,22
5819,9
5820,2
5821,6
5822,4
5823,13
5824,31
5825,34
5826,13
5827,35
5828,26
5829,11
5830,12
5831,16
5832,1
5833,35
5834,32
5835,12
5836,10
5837,19
5838,37
5839,8
5840,4
5841,37
5842,34
5843,20
5844,25
5845,24
5846,24
5847,25
5848,11
5849,21
5850,18
5851,34
5852,21
5853,15
5854,12
5855,22
5856,42
5857,2
5858,17
5859,36
5860,24
5861,24
5862,26
5863,17
5864,19
5865,18
5866,33
5867,35
5868,27
5869,37
5870,20
5871,35
5872,39
5873,13
5874,31
5875,31
5876,14
5877,19
5878,33
5879,32
5880,2
5881,23
5882,1
5883,7
5884,4
5885,24
5886,36
5887,27
5888,2
5889,38
5890,5
5891,15
5892,12
5893,5
5894,9
5895,24
5896,10
5897,4
5898,26
5899,29
5900,3
5901,4
5902,23
5903,6
5904,22
5905,36
5906,23
5907,26
5908,11
5909,42
5910,42
5911,26
5912,38
5913,11
5914,25
5915,5
5916,25
5917,32
5918,4
5919,8
5920,16
5921,35
5922,19
5923,11
5924,32
5925,16
5926,18
5927,30
5928,41
5929,21
5930,19
5931,42
5932,3
5933,18
5934,33
5935,17
5936,8
5937,22
5938,26
5939,24
5940,7
5941,39
5942,5
5943,17
5944,9
5945,5
5946,41
5947,2
5948,41
5949,22
5950,17
5951,39
5952,29
5953,10
5954,0
5955,29
5956,40
5957,21
5958,9
5959,4
5960,31
5961,6
5962,29
5963,28
5964,13
5965,4
5966,28
5967,38
5968,5
5969,6
5970,35
5971,28
5972,13
5973,34
5974,34
5975,6
5976,38
5977,15
5978,38
5979,26
5980,17
5981,2
5982,0
5983,35
5984,4
5985,8
5986,16
5987,19
5988,13
5989,26
5990,0
5991,28
5992,34
5993,13
5994,7
5995,8
5996,21
5997,39
5998,36
5999,30
6000,28
6001,31
6002,37
6003,25
6004,6
6005,36
6006,3
6007,28
6008,33
6009,15
6010,23
6011,30
6012,4
6013,29
6014,42
6015,10
6016,16
6017,22
6018,32
6019,19
6020,8
6021,24
6022,17
6023,37
6024,25
6025,42
6026,14
6027,30
6028,21
6029,40
6030,14
6031,33
6032,4
6033,38
6034,12
6035,12
6036,28
6037,25
6038,26
6039,11
6040,0
6041,15
6042,18
6043,3
6044,38
6045,41
6046,23
6047,22
6048,40
6049,25
6050,30
6051,41
6052,14
6053,25
6054,10
6055,9
6056,31
6057,42
6058,10
6059,34
6060,10
6061,31
6062,2
6063,4
6064,29
6065,21
6066,12
6067,3
6068,29
6069,9
6070,12
6071,30
6072,1
6073,0
6074,27
6075,17
6076,5
6077,23
6078,39
6079,14
6080,2
6081,16
6082,30
6083,10
6084,19
6085,42
6086,34
6087,34
6088,10
6089,16
6090,18
6091,38
6092,40
6093,31
6094,20
6095,26
6096,34
6097,35
6098,26
6099,33
6100,3
6101,2
6102,37
6103,5
6104,31
6105,42
6106,29
6107,4
6108,10
6109,7
6110,38
6111,2
6112,35
6113,8
6114,11
6115,32
6116,42
6117,25
6118,16
6119,19
6120,36
6121,30
6122,34
6123,35
6124,26
6125,41
6126,11
6127,9
6128,31
6129,31
6130,38
6131,11
6132,24
6133,16
6134,41
6135,29
6136,23
6137,36
6138,12
6139,29
6140,1
6141,7
6142,37
6143,7
6144,13
6145,42
6146,5
6147,20
6148,4
6149,33
6150,29
6151,28
6152,9
6153,7
6154,20
6155,18
6156,26
6157,20
6158,24
6159,11
6160,14
6161,26
6162,36
6163,19
6164,42
6165,17
6166,15
6167,19
6168,20
6169,12
6170,21
6171,37
6172,34
6173,32
6174,10
6175,26
6176,23
6177,29
6178,28
6179,40
6180,3
6181,3
6182,27
6183,24
6184,22
6185,25
6186,16
6187,29
6188,18
6189,1
6190,35
6191,0
6192,11
6193,27
6194,17
6195,41
6196,26
6197,36
6198,14
6199,20
6200,28
6201,20
6202,15
6203,16
6204,19
6205,19
6206,1
6207,39
6208,40
6209,33
6210,12
6211,34
6212,1
6213,26
6214,9
6215,38
6216,28
6217,18
6218,36
6219,33
6220,6
6221,2
6222,14
6223,0
6224,16
6225,28
6226,12
6227,39
6228,42
6229,31
6230,12
6231,32
6232,6
6233,21
6234,17
6235,23
6236,42
6237,5
6238,16
6239,19
6240,33
6241,23
6242,19
6243,6
6244,4
6245,41
6246,6
6247,28
6248,24
6249,17
6250,18
6251,33
6252,13
6253,39
6254,32
6255,5
6256,31
6257,10
6258,21
6259,22
6260,16
6261,4
6262,21
6263,8
6264,27
6265,9
6266,39
6267,13
6268,2
6269,10
6270,9
6271,1
6272,13
6273,13
6274,8
6275,28
6276,39
6277,8
6278,40
6279,26
6280,0
6281,9
6282,24
6283,4
6284,2
6285,30
6286,15
6287,32
6288,3
6289,29
6290,6
6291,38
6292,22
6293,22
6294,17
6295,10
6296,42
6297,1
6298,39
6299,1
6300,28
6301,36
6302,9
6303,6
6304,34
6305,14
6306,32
6307,32
6308,21
6309,19
6310,34
6311,33
6312,23
6313,36
6314,35
6315,6
6316,4
6317,11
6318,28
6319,4
6320,3
6321,14
6322,15
6323,13
6324,29
6325,26
6326,8
6327,23
6328,42
6329,37
6330,21
6331,35
6332,35
6333,9
6334,17
6335,30
6336,33
6337,16
6338,30
6339,11
6340,42
6341,25
6342,20
6343,34
6344,21
6345,16
6346,14
6347,16
6348,39
6349,33
6350,22
6351,5
6352,10
6353,14
6354,5
6355,25
6356,35
6357,29
6358,20
6359,31
6360,41
6361,27
6362,9
6363,27
6364,5
6365,28
6366,19
6367,19
6368,42
6369,33
6370,24
6371,41
6372,20
6373,14
6374,2
6375,13
6376,5
6377,40
6378,14
6379,26
6380,40
6381,40
6382,4
6383,29
6384,9
6385,10
6386,40
6387,24
6388,22
6389,39
6390,1
6391,32
6392,24
6393,32
6394,8
6395,4
6396,30
6397,29
6398,25
6399,5
6400,40
6401,40
6402,3
6403,38
6404,29
6405,5
6406,20
6407,7
6408,14
6409,30
6410,27
6411,17
6412,6
6413,21
6414,34
6415,23
6416,35
6417,42
6418,25
6419,4
6420,39
6421,38
6422,32
6423,24
6424,33
6425,20
6426,33
6427,42
6428,37
6429,23
6430,33
6431,6
6432,29
6433,31
6434,42
6435,8
6436,37
6437,15
6438,11
6439,40
6440,13
6441,38
6442,41
6443,1
6444,1
6445,37
6446,41
6447,18
6448,5
6449,8
6450,30
6451,17
6452,7
6453,41
6454,19
6455,10
6456,21
6457,13
6458,10
6459,10
6460,23
6461,15
6462,39
6463,20
6464,4
6465,19
6466,32
6467,0
6468,21
6469,20
6470,20
6471,40
6472,11
6473,35
6474,37
6475,26
6476,32
6477,37
6478,24
6479,38
6480,5
6481,23
6482,1
6483,20
6484,38
6485,14
6486,29
6487,42
6488,24
6489,32
6490,12
6491,42
6492,13
6493,22
6494,25
6495,31
6496,4
6497,17
6498,41
6499,24
6500,2
6501,10
6502,14
6503,7
6504,14
6505,23
6506,4
6507,30
6508,39
6509,35
6510,6
6511,18
6512,19
6513,23
6514,19
6515,4
6516,32
6517,11
6518,2
6519,23
6520,35
6521,25
6522,25
6523,23
6524,2
6525,8
6526,13
6527,39
6528,25
6529,42
6530,0
6531,13
6532,21
6533,12
6534,34
6535,10
6536,30
6537,17
6538,8
6539,14
6540,3
6541,8
6542,11
6543,7
6544,19
6545,7
6546,36
6547,29
6548,17
6549,8
6550,28
6551,2
6552,11
6553,36
6554,5
6555,16
6556,1
6557,5
6558,22
6559,18
6560,33
6561,4
6562,15
6563,2
6564,4
6565,42
6566,1
6567,23
6568,31
6569,17
6570,27
6571,40
6572,31
6573,21
6574,37
6575,25
6576,20
6577,19
6578,24
6579,10
6580,28
6581,32
6582,11
6583,19
6584,4
6585,17
6586,32
6587,16
6588,30
6589,7
6590,20
6591,27
6592,24
6593,17
6594,19
6595,36
6596,34
6597,40
6598,8
6599,15
6600,20
6601,27
6602,9
6603,9
6604,36
6605,2
6606,11
6607,34
6608,14
6609,21
6610,20
6611,12
6612,36
6613,18
6614,36
6615,40
6616,0
6617,21
6618,32
6619,2
6620,24
6621,35
6622,39
6623,6
6624,15
6625,33
6626,34
6627,26
6628,34
6629,33
6630,22
6631,39
6632,36
6633,3
6634,7
6635,16
6636,10
6637,6
6638,31
6639,41
6640,32
6641,7
6642,34
6643,28
6644,24
6645,8
6646,32
6647,26
6648,17
6649,25
6650,35
6651,24
6652,37
6653,0
6654,6
6655,7
6656,30
6657,16
6658,12
6659,35
6660,24
6661,27
6662,13
6663,12
6664,22
6665,25
6666,27
6667,41
6668,5
6669,2
6670,7
6671,39
6672,17
6673,13
6674,24
6675,10
6676,5
6677,19
6678,30
6679,31
6680,32
6681,21
6682,6
6683,17
6684,19
6685,0
6686,30
6687,24
6688,2
6689,19
6690,8
6691,25
6692,36
6693,23
6694,29
6695,3
6696,35
6697,28
6698,28
6699,10
6700,23
6701,26
6702,3
6703,13
6704,20
6705,31
6706,2
6707,33
6708,4
6709,21
6710,41
6711,32
6712,4
6713,1
6714,1
6715,8
6716,30
6717,22
6718,29
6719,23
6720,9
6721,39
6722,8
6723,27
6724,25
6725,26
6726,36
6727,2
6728,6
6729,8
6730,25
6731,13
6732,23
6733,20
6734,26
6735,3
6736,10
6737,7
6738,2
6739,16
6740,39
6741,40
6742,38
6743,4
6744,12
6745,5
6746,37
6747,6
6748,34
6749,21
6750,26
6751,15
6752,31
6753,6
6754,28
6755,10
6756,39
6757,5
6758,10
6759,20
6760,28
6761,21
6762,21
6763,37
6764,37
6765,12
6766,8
6767,25
6768,23
6769,34
6770,2
6771,24
6772,34
6773,33
6774,30
6775,39
6776,30
6777,36
6778,19
6779,28
6780,27
6781,15
6782,6
6783,36
6784,5
6785,6
6786,5
6787,21
6788,14
6789,17
6790,41
6791,9
6792,7
6793,37
6794,20
6795,17
6796,3
6797,28
6798,25
6799,6
6800,16
6801,0
6802,13
6803,24
6804,22
6805,12
6806,15
6807,10
6808,30
6809,29
6810,37
6811,1
6812,42
6813,28
6814,36
6815,27
6816,1
6817,16
6818,29
6819,8
6820,33
6821,5
6822,37
6823,2
6824,28
6825,34
6826,22
6827,36
6828,9
6829,42
6830,6
6831,20
6832,31
6833,11
6834,37
6835,1
6836,2
6837,41
6838,27
6839,21
6840,34
6841,39
6842,31
6843,36
6844,5
6845,42
6846,34
6847,25
6848,12
6849,36
6850,37
6851,16
6852,23
6853,3
6854,7
6855,0
6856,30
6857,34
6858,19
6859,26
6860,19
6861,4
6862,40
6863,2
6864,35
6865,16
6866,26
6867,4
6868,11
6869,11
6870,8
6871,27
6872,15
6873,6
6874,25
6875,39
6876,11
6877,24
6878,33
6879,11
6880,14
6881,13
6882,29
6883,25
6884,5
6885,3
6886,23
6887,14
6888,26
6889,23
6890,41
6891,8
6892,24
6893,37
6894,20
6895,5
6896,12
6897,40
6898,2
6899,22
6900,29
6901,12
6902,28
6903,19
6904,18
6905,10
6906,31
6907,8
6908,12
6909,28
6910,37
6911,6
6912,17
6913,36
6914,3
6915,18
6916,41
6917,40
6918,32
6919,23
6920,35
6921,36
6922,1
6923,33
6924,8
6925,24
6926,21
6927,27
6928,4
6929,20
6930,10
6931,32
6932,22
6933,14
6934,32
6935,9
6936,39
6937,16
6938,20
6939,8
6940,15
6941,1
6942,41
6943,23
6944,28
6945,16
6946,26
6947,6
6948,36
6949,34
6950,19
6951,5
6952,24
6953,35
6954,21
6955,31
6956,20
6957,17
6958,3
6959,17
6960,36
6961,34
6962,33
6963,36
6964,42
6965,16
6966,13
6967,0
6968,39
6969,23
6970,24
6971,2
6972,37
6973,0
6974,27
6975,32
6976,27
6977,37
6978,19
6979,18
6980,15
6981,23
6982,38
6983,10
6984,6
6985,0
6986,41
6987,26
6988,25
6989,37
6990,31
6991,12
6992,14
6993,29
6994,16
6995,37
6996,11
6997,20
6998,41
6999,6
7000,29
7001,15
7002,17
7003,19
7004,40
7005,35
7006,21
7007,12
7008,24
7009,0
7010,24
7011,9
7012,38
7013,38
7014,23
7015,15
7016,35
7017,15
7018,5
7019,28
7020,13
7021,28
7022,35
7023,32
7024,14
7025,4
7026,28
7027,2
7028,2
7029,13
7030,19
7031,13
7032,13
7033,9
7034,16
7035,8
7036,20
7037,11
7038,37
7039,24
7040,22
7041,13
7042,12
7043,34
7044,30
7045,17
7046,38
7047,31
7048,34
7049,12
7050,13
7051,8
7052,10
7053,36
7054,38
7055,37
7056,24
7057,7
7058,18
7059,18
7060,19
7061,11
7062,12
7063,8
7064,15
7065,7
7066,35
7067,32
7068,34
7069,12
7070,4
7071,39
7072,7
7073,38
7074,37
7075,27
7076,38
7077,13
7078,21
7079,9
7080,35
7081,38
7082,3
7083,13
7084,22
7085,5
7086,0
7087,1
7088,4
7089,11
7090,23
7091,10
7092,8
7093,17
7094,2
7095,3
7096,24
7097,21
7098,32
7099,3
7100,27
7101,10
7102,35
7103,38
7104,24
7105,33
7106,40
7107,13
7108,25
7109,24
7110,22
7111,22
7112,1
7113,40
7114,7
7115,19
7116,2
7117,5
7118,33
7119,38
7120,40
7121,2
7122,16
7123,37
7124,24
7125,7
7126,15
7127,15
7128,19
7129,9
7130,28
7131,31
7132,41
7133,5
7134,28
7135,20
7136,37
7137,27
7138,4
7139,42
7140,13
7141,3
7142,40
7143,36
7144,27
7145,9
7146,2
7147,22
7148,40
7149,30
7150,42
7151,16
7152,20
7153,38
7154,5
7155,14
7156,14
7157,39
7158,40
7159,9
7160,40
7161,0
7162,25
7163,26
7164,14
7165,35
7166,13
7167,13
7168,15
7169,30
7170,13
7171,2
7172,36
7173,13
7174,26
7175,16
7176,19
7177,32
7178,35
7179,15
7180,7
7181,4
7182,31
7183,19
7184,20
7185,38
7186,35
7187,36
7188,34
7189,2
7190,18
7191,0
7192,39
7193,8
7194,37
7195,28
7196,42
7197,39
7198,0
7199,16
7200,4
7201,8
7202,9
7203,1
7204,12
7205,25
7206,23
7207,41
7208,38
7209,7
7210,3
7211,8
7212,36
7213,26
7214,10
7215,29
7216,27
7217,25
7218,1
7219,17
7220,34
7221,3
7222,42
7223,28
7224,37
7225,40
7226,39
7227,7
7228,15
7229,7
7230,17
7231,18
7232,40
7233,0
7234,22
7235,18
7236,0
7237,39
7238,38
7239,29
7240,11
7241,5
7242,5
7243,16
7244,33
7245,10
7246,23
7247,34
7248,34
7249,32
7250,26
7251,1
7252,25
7253,10
7254,9
7255,4
7256,13
7257,21
7258,4
7259,2
7260,32
7261,28
7262,30
7263,28
7264,9
7265,25
7266,36
7267,35
7268,25
7269,40
7270,4
7271,2
7272,13
7273,14
7274,4
7275,6
7276,18
7277,33
7278,40
7279,10
7280,25
7281,12
7282,29
7283,3
7284,34
7285,5
7286,15
7287,14
7288,40
7289,31
7290,26
7291,16
7292,33
7293,9
7294,9
7295,2
7296,7
7297,37
7298,15
7299,3
7300,1
7301,16
7302,22
7303,36
7304,13
7305,31
7306,2
7307,34
7308,12
7309,37
7310,2
7311,23
7312,38
7313,38
7314,0
7315,31
7316,12
7317,40
7318,8
7319,26
7320,19
7321,10
7322,38
7323,0
7324,24
7325,25
7326,4
7327,0
7328,32
7329,12
7330,41
7331,41
7332,13
7333,26
7334,30
7335,15
7336,42
7337,37
7338,2
7339,16
7340,30
7341,13
7342,31
7343,18
7344,2
7345,2
7346,20
7347,38
7348,34
7349,17
7350,1
7351,33
7352,1
7353,32
7354,28
7355,28
7356,0
7357,42
7358,4
7359,17
7360,10
7361,15
7362,10
7363,20
7364,22
7365,40
7366,6
7367,13
7368,20
7369,28
7370,40
7371,8
7372,22
7373,18
7374,16
7375,24
7376,35
7377,34
7378,32
7379,19
7380,34
7381,35
7382,24
7383,0
7384,40
7385,29
7386,12
7387,2
7388,21
7389,26
7390,17
7391,26
7392,10
7393,11
7394,9
7395,17
7396,26
7397,11
7398,35
7399,10
7400,10
7401,36
7402,29
7403,8
7404,34
7405,17
7406,31
7407,33
7408,26
7409,9
7410,32
7411,29
7412,38
7413,31
7414,17
7415,10
7416,11
7417,33
7418,26
7419,8
7420,35
7421,42
7422,15
7423,26
7424,20
7425,23
7426,17
7427,6
7428,27
7429,28
7430,35
7431,23
7432,10
7433,25
7434,36
7435,5
7436,7
7437,27
7438,33
7439,18
7440,4
7441,35
7442,41
7443,26
7444,2
7445,15
7446,5
7447,28
7448,7
7449,7
7450,7
7451,16
7452,35
7453,22
7454,41
7455,31
7456,17
7457,8
7458,3
7459,6
7460,1
7461,26
7462,26
7463,14
7464,0
7465,14
7466,36
7467,31
7468,30
7469,29
7470,4
7471,17
7472,22
7473,40
7474,36
7475,38
7476,13
7477,40
7478,9
7479,41
7480,37
7481,39
7482,32
7483,26
7484,36
7485,32
7486,20
7487,8
7488,8
7489,24
7490,13
7491,4
7492,40
7493,22
7494,26
7495,40
7496,14
7497,22
7498,7
7499,31
7500,7
7501,5
7502,12
7503,35
7504,13
7505,37
7506,17
7507,26
7508,21
7509,4
7510,29
7511,7
7512,15
7513,13
7514,11
7515,14
7516,34
7517,6
7518,30
7519,39
7520,2
7521,36
7522,4
7523,3
7524,32
7525,37
7526,30
7527,28
7528,3
7529,19
7530,10
7531,18
7532,11
7533,34
7534,32
7535,26
7536,42
7537,34
7538,1
7539,29
7540,31
7541,22
7542,42
7543,2
7544,19
7545,17
7546,2
7547,15
7548,22
7549,19
7550,8
7551,6
7552,29
7553,16
7554,24
7555,3
7556,8
7557,12
7558,27
7559,0
7560,2
7561,1
7562,41
7563,15
7564,34
7565,6
7566,17
7567,40
7568,7
7569,19
7570,26
7571,20
7572,30
7573,30
7574,25
7575,25
7576,12
7577,30
7578,21
7579,16
7580,5
7581,23
7582,13
7583,14
7584,8
7585,9
7586,15
7587,8
7588,4
7589,5
7590,3
7591,36
7592,1
7593,8
7594,20
7595,12
7596,22
7597,19
7598,2
7599,10
7600,37
7601,17
7602,18
7603,0
7604,9
7605,40
7606,3
7607,11
7608,0
7609,10
7610,33
7611,32
7612,32
7613,21
7614,33
7615,37
7616,36
7617,0
7618,11
7619,3
7620,22
7621,18
7622,29
7623,15
7624,37
7625,22
7626,42
7627,16
7628,14
7629,28
7630,9
7631,30
7632,22
7633,18
7634,11
7635,38
7636,20
7637,39
7638,24
7639,36
7640,7
7641,1
7642,22
7643,18
7644,29
7645,26
7646,11
7647,2
7648,30
7649,29
7650,18
7651,26
7652,7
7653,18
7654,5
7655,22
7656,13
7657,11
7658,2
7659,6
7660,39
7661,31
7662,12
7663,13
7664,13
7665,12
7666,3
7667,41
7668,34
7669,29
7670,17
7671,11
7672,12
7673,21
7674,8
7675,1
7676,6
7677,33
7678,36
7679,13
7680,1
7681,6
7682,21
7683,19
7684,23
7685,31
7686,9
7687,41
7688,15
7689,7
7690,10
7691,33
7692,17
7693,6
7694,8
7695,25
7696,29
7697,14
7698,3
7699,0
7700,38
7701,29
7702,30
7703,9
7704,26
7705,31
7706,23
7707,34
7708,14
7709,16
7710,22
7711,35
7712,12
7713,27
7714,41
7715,2
7716,38
7717,23
7718,32
7719,13
7720,3
7721,1
7722,37
7723,29
7724,23
7725,36
7726,42
7727,22
7728,38
7729,33
7730,16
7731,41
7732,11
7733,36
7734,42
7735,39
7736,12
7737,15
7738,33
7739,13
7740,41
7741,12
7742,24
7743,15
7744,4
7745,42
7746,25
7747,29
7748,37
7749,42
7750,34
7751,26
7752,41
7753,14
7754,17
7755,17
7756,23
7757,40
7758,25
7759,18
7760,5
7761,18
7762,21
7763,1
7764,24
7765,14
7766,13
7767,0
7768,41
7769,40
7770,29
7771,30
7772,3
7773,22
7774,33
7775,8
7776,12
7777,12
7778,39
7779,34
7780,13
7781,16
7782,25
7783,7
7784,13
7785,42
7786,20
7787,26
7788,34
7789,8
7790,23
7791,11
7792,0
7793,29
7794,28
7795,12
7796,28
7797,23
7798,37
7799,9
7800,34
7801,7
7802,42
7803,35
7804,4
7805,7
7806,8
7807,41
7808,22
7809,42
7810,42
7811,10
7812,17
7813,15
7814,40
7815,4
7816,25
7817,40
7818,21
7819,41
7820,21
7821,4
7822,21
7823,39
7824,6
7825,24
7826,34
7827,14
7828,20
7829,29
7830,26
7831,12
7832,27
7833,30
7834,28
7835,18
7836,42
7837,31
7838,36
7839,24
7840,25
7841,11
7842,14
7843,31
7844,10
7845,33
7846,25
7847,17
7848,11
7849,36
7850,28
7851,42
7852,36
7853,17
7854,35
7855,18
7856,0
7857,23
7858,28
7859,20
7860,21
7861,4
7862,21
7863,40
7864,9
7865,33
7866,36
7867,35
7868,15
7869,2
7870,41
7871,17
7872,9
7873,14
7874,27
7875,19
7876,9
7877,35
7878,8
7879,36
7880,16
7881,19
7882,14
7883,20
7884,23
7885,4
7886,41
7887,12
7888,8
7889,18
7890,4
7891,38
7892,21
7893,8
7894,20
7895,23
7896,12
7897,26
7898,2
7899,38
7900,40
7901,36
7902,34
7903,6
7904,24
7905,21
7906,41
7907,31
7908,12
7909,16
7910,33
7911,30
7912,39
7913,20
7914,27
7915,19
7916,19
7917,7
7918,27
7919,42
7920,15
7921,15
7922,38
7923,35
7924,30
7925,40
7926,10
7927,13
7928,10
7929,3
7930,20
7931,34
7932,34
7933,3
7934,20
7935,42
7936,25
7937,18
7938,26
7939,2
7940,2
7941,27
7942,7
7943,7
7944,30
7945,20
7946,30
7947,14
7948,16
7949,26
7950,3
7951,0
7952,35
7953,18
7954,40
7955,39
7956,3
7957,19
7958,4
7959,2
7960,38
7961,33
7962,16
7963,36
7964,35
7965,32
7966,19
7967,0
7968,22
7969,24
7970,6
7971,5
7972,34
7973,15
7974,12
7975,6
7976,32
7977,15
7978,40
7979,36
7980,15
7981,18
7982,18
7983,26
7984,2
7985,20
7986,40
7987,3
7988,13
7989,36
7990,22
7991,31
7992,27
7993,23
7994,24
7995,20
7996,6
7997,29
7998,0
7999,37
8000,25
8001,21
8002,4
8003,14
8004,4
8005,35
8006,16
8007,37
8008,41
8009,16
8010,42
8011,12
8012,27
8013,25
8014,30
8015,38
8016,8
8017,9
8018,0
8019,18
8020,35
8021,15
8022,4
8023,27
8024,23
8025,18
8026,14
8027,15
8028,23
8029,17
8030,4
8031,31
8032,15
8033,5
8034,37
8035,41
8036,16
8037,22
8038,27
8039,10
8040,13
8041,21
8042,24
8043,14
8044,38
8045,39
8046,9
8047,26
8048,15
8049,11
8050,33
8051,12
8052,20
8053,22
8054,34
8055,35
8056,29
8057,33
8058,21
8059,19
8060,26
8061,12
8062,0
8063,25
8064,29
8065,4
8066,9
8067,12
8068,0
8069,25
8070,22
8071,32
8072,17
8073,21
8074,16
8075,5
8076,23
8077,13
8078,15
8079,23
8080,27
8081,12
8082,35
8083,21
8084,14
8085,12
8086,11
8087,35
8088,7
8089,14
8090,20
8091,34
8092,8
8093,36
8094,22
8095,2
8096,38
8097,2
8098,7
8099,16
8100,17
8101,24
8102,15
8103,27
8104,16
8105,15
8106,6
8107,11
8108,33
8109,27
8110,29
8111,27
8112,6
8113,17
8114,34
8115,30
8116,13
8117,33
8118,26
8119,37
8120,14
8121,33
8122,4
8123,25
8124,11
8125,40
8126,21
8127,14
8128,33
8129,24
8130,32
8131,19
8132,27
8133,23
8134,41
8135,4
8136,24
8137,36
8138,40
8139,23
8140,35
8141,11
8142,30
8143,8
8144,28
8145,28
8146,7
8147,23
8148,5
8149,37
8150,27
8151,7
8152,17
8153,12
8154,37
8155,26
8156,7
8157,26
8158,10
8159,42
8160,3
8161,29
8162,33
8163,15
8164,28
8165,20
8166,33
8167,28
8168,32
8169,20
8170,22
8171,40
8172,10
8173,15
8174,1
8175,33
8176,18
8177,1
8178,12
8179,26
8180,5
8181,40
8182,18
8183,16
8184,2
8185,37
8186,11
8187,24
8188,20
8189,42
8190,35
8191,2
8192,37
8193,6
8194,6
8195,37
8196,15
8197,13
8198,32
8199,35
8200,41
8201,41
8202,14
8203,0
8204,11
8205,34
8206,27
8207,3
8208,6
8209,27
8210,17
8211,41
8212,1
8213,7
8214,25
8215,3
8216,5
8217,3
8218,42
8219,2
8220,26
8221,27
8222,25
8223,3
8224,23
8225,1
8226,17
8227,32
8228,18
8229,3
8230,13
8231,37
8232,27
8233,31
8234,40
8235,19
8236,29
8237,26
8238,12
8239,34
8240,30
8241,13
8242,8
8243,32
8244,0
8245,26
8246,8
8247,15
8248,33
8249,14
8250,9
8251,39
8252,14
8253,30
8254,11
8255,35
8256,28
8257,17
8258,7
8259,25
8260,36
8261,18
8262,33
8263,22
8264,15
8265,39
8266,10
8267,9
8268,10
8269,15
8270,39
8271,11
8272,40
8273,35
8274,16
8275,24
8276,19
8277,4
8278,38
8279,3
8280,32
8281,34
8282,25
8283,26
8284,24
8285,17
8286,23
8287,11
8288,14
8289,19
8290,33
8291,19
8292,9
8293,5
8294,30
8295,39
8296,1
8297,30
8298,3
8299,19
8300,4
8301,20
8302,3
8303,4
8304,31
8305,38
8306,0
8307,8
8308,18
8309,19
8310,19
8311,17
8312,34
8313,24
8314,2
8315,31
8316,36
8317,33
8318,11
8319,36
8320,30
8321,2
8322,23
8323,19
8324,36
8325,25
8326,33
8327,33
8328,35
8329,39
8330,21
8331,31
8332,39
8333,2
8334,38
8335,41
8336,7
8337,17
8338,4
8339,40
8340,11
8341,38
8342,7
8343,20
8344,22
8345,1
8346,3
8347,40
8348,30
8349,8
8350,21
8351,12
8352,41
8353,2
8354,36
8355,1
8356,38
8357,14
8358,1
8359,37
8360,26
8361,39
8362,24
8363,10
8364,27
8365,13
8366,31
8367,39
8368,16
8369,20
8370,2
8371,5
8372,0
8373,4
8374,6
8375,5
8376,2
8377,33
8378,41
8379,40
8380,37
8381,2
8382,4
8383,11
8384,5
8385,39
8386,23
8387,9
8388,19
8389,9
8390,17
8391,21
8392,20
8393,32
8394,40
8395,38
8396,40
8397,1
8398,29
8399,1
8400,32
8401,28
8402,19
8403,14
8404,11
8405,16
8406,28
8407,6
8408,23
8409,9
8410,30
8411,39
8412,10
8413,18
8414,6
8415,3
8416,3
8417,36
8418,17
8419,2
8420,9
8421,13
8422,6
8423,30
8424,30
8425,5
8426,14
8427,11
8428,3
8429,18
8430,17
8431,17
8432,39
8433,2
8434,22
8435,16
8436,37
8437,33
8438,7
8439,15
8440,11
8441,15
8442,39
8443,34
8444,32
8445,11
8446,30
8447,37
8448,13
8449,41
8450,11
8451,6
8452,18
8453,29
8454,28
8455,0
8456,4
8457,23
8458,41
8459,17
8460,1
8461,3
8462,29
8463,0
8464,32
8465,31
8466,21
8467,28
8468,5
8469,40
8470,39
8471,27
8472,16
8473,27
8474,39
8475,32
8476,28
8477,11
8478,16
8479,12
8480,27
8481,26
8482,11
8483,4
8484,1
8485,21
8486,1
8487,41
8488,39
8489,2
8490,31
8491,1
8492,15
8493,17
8494,36
8495,22
8496,7
8497,42
8498,28
8499,22
8500,29
8501,19
8502,0
8503,21
8504,3
8505,40
8506,32
8507,36
8508,28
8509,24
8510,12
8511,33
8512,3
8513,12
8514,13
8515,9
8516,28
8517,32
8518,4
8519,20
8520,41
8521,10
8522,26
8523,41
8524,29
8525,28
8526,21
8527,41
8528,7
8529,17
8530,22
8531,40
8532,2
8533,14
8534,15
8535,36
8536,26
8537,23
8538,5
8539,40
8540,24
8541,28
8542,8
8543,6
8544,14
8545,36
8546,22
8547,31
8548,41
8549,8
8550,19
8551,40
8552,31
8553,31
8554,10
8555,16
8556,21
8557,2
8558,16
8559,4
8560,42
8561,2
8562,6
8563,7
8564,14
8565,12
8566,6
8567,29
8568,2
8569,12
8570,25
8571,10
8572,39
8573,35
8574,21
8575,4
8576,24
8577,18
8578,29
8579,27
8580,41
8581,23
8582,30
8583,23
8584,19
8585,30
8586,36
8587,10
8588,31
8589,35
8590,30
8591,15
8592,41
8593,36
8594,19
8595,40
8596,22
8597,21
8598,12
8599,37
8600,18
8601,32
8602,18
8603,20
8604,1
8605,1
8606,25
8607,10
8608,17
8609,21
8610,25
8611,15
8612,23
8613,28
8614,28
8615,29
8616,32
8617,41
8618,19
8619,20
8620,12
8621,10
8622,37
8623,39
8624,3
8625,28
8626,2
8627,28
8628,36
8629,35
8630,0
8631,23
8632,36
8633,8
8634,28
8635,28
8636,11
8637,4
8638,8
8639,36
8640,31
8641,6
8642,26
8643,37
8644,26
8645,22
8646,2
8647,22
8648,39
8649,8
8650,10
8651,6
8652,26
8653,5
8654,20
8655,24
8656,10
8657,35
8658,13
8659,33
8660,38
8661,15
8662,28
8663,8
8664,23
8665,37
8666,36
8667,29
8668,34
8669,19
8670,27
8671,23
8672,35
8673,32
8674,0
8675,36
8676,22
8677,19
8678,2
8679,14
8680,41
8681,7
8682,4
8683,21
8684,18
8685,33
8686,1
8687,42
8688,29
8689,37
8690,4
8691,41
8692,16
8693,39
8694,13
8695,24
8696,12
8697,28
8698,20
8699,20
8700,12
8701,24
8702,16
8703,37
8704,11
8705,5
8706,2
8707,10
8708,21
8709,21
8710,22
8711,9
8712,24
8713,21
8714,12
8715,4
8716,40
8717,41
8718,5
8719,17
8720,27
8721,42
8722,41
8723,25
8724,39
8725,28
8726,34
8727,0
8728,21
8729,26
8730,23
8731,10
8732,15
8733,18
8734,11
8735,40
8736,11
8737,9
8738,32
8739,6
8740,19
8741,12
8742,6
8743,29
8744,38
8745,9
8746,23
8747,22
8748,3
8749,31
8750,39
8751,13
8752,34
8753,25
8754,18
8755,24
8756,24
8757,17
8758,25
8759,24
8760,32
8761,29
8762,3
8763,7
8764,0
8765,17
8766,27
8767,36
8768,21
8769,26
8770,28
8771,10
8772,25
8773,25
8774,6
8775,26
8776,16
8777,39
8778,21
8779,12
8780,14
8781,32
8782,0
8783,2
8784,35
8785,20
8786,42
8787,7
8788,29
8789,33
8790,9
8791,9
8792,37
8793,18
8794,0
8795,17
8796,38
8797,42
8798,16
8799,4
8800,19
8801,19
8802,7
8803,38
8804,38
8805,28
8806,10
8807,21
8808,15
8809,20
8810,30
8811,21
8812,2
8813,33
8814,6
8815,41
8816,23
8817,26
8818,32
8819,37
8820,37
8821,8
8822,41
8823,9
8824,34
8825,17
8826,13
8827,25
8828,21
8829,39
8830,36
8831,15
8832,17
8833,41
8834,23
8835,42
8836,6
8837,7
8838,5
8839,1
8840,6
8841,12
8842,19
8843,19
8844,23
8845,24
8846,24
8847,28
8848,27
8849,5
8850,2
8851,17
8852,19
8853,32
8854,20
8855,3
8856,4
8857,23
8858,7
8859,4
8860,35
8861,42
8862,14
8863,39
8864,19
8865,9
8866,40
8867,5
8868,28
8869,21
8870,24
8871,42
8872,37
8873,14
8874,36
8875,8
8876,11
8877,2
8878,1
8879,14
8880,7
8881,34
8882,10
8883,0
8884,17
8885,9
8886,15
8887,32
8888,11
8889,38
8890,8
8891,31
8892,3
8893,21
8894,38
8895,31
8896,1
8897,29
8898,34
8899,16
8900,23
8901,33
8902,24
8903,22
8904,6
8905,28
8906,17
8907,29
8908,0
8909,35
8910,1
8911,41
8912,24
8913,25
8914,35
8915,34
8916,28
8917,16
8918,38
8919,30
8920,42
8921,19
8922,37
8923,33
8924,14
8925,32
8926,22
8927,20
8928,8
8929,29
8930,7
8931,32
8932,28
8933,8
8934,27
8935,41
8936,14
8937,38
8938,2
8939,3
8940,17
8941,15
8942,13
8943,34
8944,41
8945,42
8946,42
8947,7
8948,28
8949,8
8950,29
8951,28
8952,24
8953,4
8954,20
8955,21
8956,1
8957,9
8958,36
8959,20
8960,12
8961,12
8962,8
8963,13
8964,39
8965,16
8966,26
8967,35
8968,39
8969,7
8970,6
8971,38
8972,39
8973,33
8974,16
8975,33
8976,17
8977,30
8978,28
8979,33
8980,39
8981,42
8982,32
8983,33
8984,4
8985,33
8986,15
8987,16
8988,7
8989,20
8990,9
8991,35
8992,8
8993,24
8994,41
8995,32
8996,18
8997,36
8998,7
8999,15
9000,18
9001,37
9002,26
9003,3
9004,33
9005,1
9006,2
9007,4
9008,41
9009,32
9010,31
9011,34
9012,38
9013,0
9014,9
9015,37
9016,32
9017,17
9018,28
9019,2
9020,21
9021,11
9022,39
9023,38
9024,37
9025,37
9026,37
9027,40
9028,30
9029,42
9030,24
9031,1
9032,0
9033,34
9034,22
9035,28
9036,33
9037,27
9038,26
9039,2
9040,23
9041,41
9042,21
9043,3
9044,10
9045,37
9046,41
9047,32
9048,38
9049,34
9050,16
9051,13
9052,42
9053,10
9054,40
9055,9
9056,29
9057,19
9058,2
9059,22
9060,7
9061,31
9062,36
9063,31
9064,33
9065,29
9066,10
9067,36
9068,32
9069,20
9070,11
9071,28
9072,30
9073,0
9074,30
9075,6
9076,5
9077,19
9078,9
9079,16
9080,15
9081,16
9082,17
9083,16
9084,42
9085,14
9086,7
9087,1
9088,10
9089,15
9090,32
9091,35
9092,27
9093,8
9094,26
9095,28
9096,2
9097,35
9098,17
9099,36
9100,20
9101,7
9102,22
9103,14
9104,5
9105,36
9106,1
9107,4
9108,29
9109,21
9110,36
9111,29
9112,0
9113,6
9114,10
9115,5
9116,13
9117,18
9118,6
9119,33
9120,31
9121,22
9122,36
9123,29
9124,36
9125,20
9126,25
9127,29
9128,29
9129,40
9130,14
9131,37
9132,39
9133,31
9134,28
9135,13
9136,36
9137,33
9138,31
9139,17
9140,20
9141,0
9142,9
9143,5
9144,11
9145,33
9146,21
9147,4
9148,3
9149,15
9150,12
9151,0
9152,9
9153,30
9154,36
9155,6
9156,33
9157,20
9158,12
9159,12
9160,41
9161,14
9162,19
9163,18
9164,18
9165,38
9166,17
9167,16
9168,18
9169,1
9170,40
9171,26
9172,40
9173,32
9174,39
9175,13
9176,9
9177,36
9178,2
9179,34
9180,28
9181,40
9182,12
9183,30
9184,31
9185,2
9186,19
9187,3
9188,1
9189,15
9190,17
9191,32
9192,41
9193,26
9194,12
9195,19
9196,41
9197,42
9198,3
9199,5
9200,12
9201,7
9202,34
9203,0
9204,0
9205,25
9206,10
9207,27
9208,2
9209,13
9210,38
9211,34
9212,24
9213,25
9214,27
9215,5
9216,30
9217,26
9218,18
9219,27
9220,28
9221,5
9222,30
9223,21
9224,3
9225,10
9226,27
9227,17
9228,11
9229,40
9230,23
9231,30
9232,37
9233,34
9234,11
9235,16
9236,5
9237,11
9238,23
9239,27
9240,17
9241,33
9242,9
9243,6
9244,15
9245,7
9246,37
9247,0
9248,5
9249,16
9250,18
9251,16
9252,14
9253,18
9254,1
9255,4
9256,21
9257,13
9258,33
9259,17
9260,10
9261,28
9262,34
9263,28
9264,42
9265,11
9266,7
9267,8
9268,23
9269,15
9270,16
9271,26
9272,16
9273,10
9274,19
9275,27
9276,36
9277,16
9278,28
9279,6
9280,26
9281,23
9282,13
9283,11
9284,12
9285,28
9286,1
9287,22
9288,17
9289,36
9290,0
9291,25
9292,18
9293,17
9294,31
9295,18
9296,9
9297,12
9298,12
9299,15
9300,15
9301,20
9302,22
9303,31
9304,41
9305,40
9306,15
9307,7
9308,15
9309,2
9310,28
9311,1
9312,28
9313,34
9314,32
9315,28
9316,40
9317,7
9318,3
9319,10
9320,26
9321,8
9322,6
9323,9
9324,39
9325,39
9326,17
9327,27
9328,30
9329,26
9330,30
9331,13
9332,34
9333,26
9334,30
9335,20
9336,11
9337,39
9338,17
9339,11
9340,35
9341,7
9342,21
9343,37
9344,22
9345,22
9346,29
9347,22
9348,15
9349,31
9350,28
9351,9
9352,10
9353,28
9354,8
9355,30
9356,41
9357,2
9358,37
9359,20
9360,39
9361,39
9362,37
9363,16
9364,40
9365,27
9366,34
9367,13
9368,32
9369,34
9370,22
9371,16
9372,9
9373,17
9374,20
9375,10
9376,35
9377,32
9378,4
9379,25
9380,11
9381,8
9382,37
9383,15
9384,20
9385,2
9386,21
9387,24
9388,30
9389,22
9390,42
9391,10
9392,26
9393,32
9394,30
9395,14
9396,25
9397,17
9398,10
9399,23
9400,36
9401,38
9402,19
9403,6
9404,4
9405,32
9406,17
9407,1
9408,9
9409,16
9410,34
9411,24
9412,12
9413,7
9414,39
9415,25
9416,20
9417,0
9418,4
9419,16
9420,42
9421,36
9422,6
9423,13
9424,13
9425,21
9426,20
9427,18
9428,34
9429,14
9430,30
9431,11
9432,35
9433,25
9434,22
9435,39
9436,23
9437,6
9438,31
9439,3
9440,41
9441,34
9442,15
9443,24
9444,6
9445,20
9446,24
9447,14
9448,2
9449,14
9450,32
9451,35
9452,20
9453,31
9454,28
9455,5
9456,39
9457,4
9458,10
9459,16
9460,1
9461,23
9462,3
9463,41
9464,20
9465,11
9466,23
9467,10
9468,4
9469,21
9470,28
9471,37
9472,6
9473,39
9474,17
9475,2
9476,18
9477,21
9478,26
9479,19
9480,27
9481,15
9482,39
9483,2
9484,11
9485,9
9486,30
9487,23
9488,1
9489,19
9490,40
9491,25
9492,30
9493,22
9494,24
9495,33
9496,34
9497,7
9498,10
9499,8
9500,26
9501,36
9502,26
9503,25
9504,33
9505,25
9506,2
9507,0
9508,18
9509,23
9510,29
9511,40
9512,39
9513,0
9514,27
9515,27
9516,7
9517,34
9518,12
9519,41
9520,6
9521,25
9522,17
9523,8
9524,10
9525,14
9526,17
9527,9
9528,20
9529,39
9530,32
9531,3
9532,38
9533,9
9534,9
9535,5
9536,6
9537,34
9538,38
9539,18
9540,4
9541,20
9542,6
9543,20
9544,29
9545,12
9546,2
9547,7
9548,27
9549,6
9550,34
9551,32
9552,4
9553,19
9554,9
9555,3
9556,14
9557,32
9558,18
9559,29
9560,33
9561,41
9562,40
9563,10
9564,12
9565,13
9566,33
9567,15
9568,2
9569,20
9570,6
9571,33
9572,38
9573,9
9574,10
9575,10
9576,17
9577,12
9578,14
9579,32
9580,18
9581,19
9582,7
9583,38
9584,27
9585,41
9586,26
9587,2
9588,11
9589,42
9590,37
9591,23
9592,2
9593,13
9594,9
9595,3
9596,25
9597,9
9598,14
9599,8
9600,3
9601,0
9602,17
9603,22
9604,0
9605,32
9606,0
9607,7
9608,30
9609,29
9610,30
9611,6
9612,14
9613,20
9614,35
9615,34
9616,13
9617,1
9618,17
9619,11
9620,42
9621,27
9622,13
9623,34
9624,18
9625,42
9626,6
9627,34
9628,1
9629,21
9630,33
9631,22
9632,5
9633,38
9634,16
9635,5
9636,41
9637,21
9638,12
9639,10
9640,20
9641,38
9642,9
9643,32
9644,5
9645,20
9646,6
9647,0
9648,9
9649,42
9650,16
9651,8
9652,11
9653,36
9654,17
9655,6
9656,41
9657,10
9658,23
9659,17
9660,36
9661,33
9662,35
9663,11
9664,22
9665,37
9666,33
9667,25
9668,14
9669,36
9670,35
9671,29
9672,33
9673,26
9674,25
9675,27
9676,16
9677,2
9678,34
9679,4
9680,33
9681,1
9682,27
9683,23
9684,15
9685,16
9686,24
9687,28
9688,28
9689,39
9690,8
9691,22
9692,38
9693,23
9694,30
9695,16
9696,3
9697,28
9698,3
9699,33
9700,34
9701,36
9702,36
9703,32
9704,9
9705,20
9706,20
9707,27
9708,19
9709,35
9710,29
9711,5
9712,6
9713,41
9714,17
9715,35
9716,29
9717,38
9718,41
9719,7
9720,41
9721,5
9722,32
9723,0
9724,22
9725,13
9726,1
9727,38
9728,27
9729,42
9730,3
9731,9
9732,30
9733,14
9734,34
9735,11
9736,2
9737,35
9738,6
9739,26
9740,32
9741,2
9742,28
9743,12
9744,25
9745,28
9746,40
9747,20
9748,35
9749,17
9750,0
9751,27
9752,10
9753,16
9754,1
9755,26
9756,6
9757,13
9758,0
9759,13
9760,38
9761,1
9762,0
9763,12
9764,25
9765,35
9766,5
9767,22
9768,10
9769,38
9770,9
9771,11
9772,41
9773,8
9774,24
9775,10
9776,26
9777,41
9778,16
9779,24
9780,37
9781,28
9782,32
9783,16
9784,30
9785,7
9786,37
9787,2
9788,22
9789,16
9790,22
9791,18
9792,39
9793,23
9794,29
9795,9
9796,37
9797,29
9798,17
9799,37
9800,17
9801,5
9802,4
9803,3
9804,31
9805,5
9806,39
9807,10
9808,32
9809,27
9810,17
9811,32
9812,26
9813,14
9814,14
9815,8
9816,8
9817,32
9818,6
9819,11
9820,31
9821,28
9822,2
9823,7
9824,0
9825,29
9826,25
9827,34
9828,23
9829,33
9830,17
9831,15
9832,3
9833,22
9834,13
9835,26
9836,35
9837,33
9838,25
9839,2
9840,27
9841,4
9842,24
9843,11
9844,25
9845,38
9846,20
9847,13
9848,32
9849,22
9850,19
9851,38
9852,7
9853,36
9854,42
9855,3
9856,13
9857,20
9858,35
9859,10
9860,8
9861,20
9862,21
9863,38
9864,18
9865,41
9866,25
9867,1
9868,24
9869,42
9870,20
9871,6
9872,34
9873,35
9874,16
9875,10
9876,41
9877,12
9878,22
9879,36
9880,41
9881,37
9882,13
9883,40
9884,30
9885,4
9886,38
9887,4
9888,23
9889,27
9890,8
9891,29
9892,10
9893,7
9894,11
9895,24
9896,20
9897,10
9898,32
9899,40
9900,36
9901,14
9902,19
9903,7
9904,2
9905,12
9906,21
9907,12
9908,28
9909,3
9910,28
9911,25
9912,37
9913,26
9914,16
9915,20
9916,40
9917,36
9918,33
9919,12
9920,16
9921,39
9922,19
9923,26
9924,23
9925,8
9926,4
9927,37
9928,41
9929,26
9930,3
9931,29
9932,11
9933,21
9934,6
9935,33
9936,36
9937,37
9938,38
9939,4
9940,5
9941,22
9942,20
9943,8
9944,12
9945,30
9946,23
9947,32
9948,31
9949,29
9950,17
9951,32
9952,10
9953,26
9954,37
9955,30
9956,13
9957,12
9958,2
9959,20
9960,29
9961,22
9962,2
9963,42
9964,18
9965,39
9966,22
9967,29
9968,41
9969,11
9970,2
9971,20
9972,20
9973,30
9974,7
9975,17
9976,12
9977,17
9978,36
9979,29
9980,18
9981,31
9982,33
9983,6
9984,10
9985,37
9986,7
9987,1
9988,22
9989,41
9990,18
9991,23
9992,4
9993,26
9994,19
9995,39
9996,21
9997,19
9998,30
9999,24
10000,37
10001,27
10002,32
10003,39
10004,18
10005,9
10006,35
10007,1
10008,5
10009,30
10010,37
10011,12
10012,11
10013,39
10014,32
10015,16
10016,6
10017,10
10018,13
10019,5
10020,42
10021,14
10022,2
10023,12
10024,40
10025,0
10026,40
10027,41
10028,21
10029,0
10030,3
10031,40
10032,27
10033,11
10034,23
10035,36
10036,38
10037,41
10038,14
10039,5
10040,33
10041,16
10042,24
10043,18
10044,39
10045,16
10046,11
10047,15
10048,0
10049,6
10050,16
10051,21
10052,32
10053,17
10054,15
10055,39
10056,37
10057,11
10058,27
10059,35
10060,13
10061,30
10062,5
10063,40
10064,17
10065,21
10066,37
10067,7
10068,19
10069,1
10070,1
10071,29
10072,24
10073,27
10074,5
10075,0
10076,35
10077,25
10078,9
10079,32
10080,40
10081,19
10082,26
10083,36
10084,11
10085,13
10086,21
10087,25
10088,14
10089,16
10090,7
10091,28
10092,20
10093,38
10094,10
10095,3
10096,30
10097,41
10098,37
10099,33
10100,8
10101,37
10102,28
10103,32
10104,36
10105,14
10106,24
10107,24
10108,17
10109,33
10110,34
10111,29
10112,41
10113,40
10114,8
10115,6
10116,35
10117,2
10118,31
10119,0
10120,24
10121,7
10122,22
10123,7
10124,9
10125,25
10126,40
10127,28
10128,38
10129,17
10130,34
10131,32
10132,12
10133,7
10134,27
10135,35
10136,4
10137,3
10138,29
10139,14
10140,10
10141,11
10142,12
10143,28
10144,3
10145,4
10146,27
10147,24
10148,34
10149,38
10150,40
10151,39
10152,37
10153,20
10154,21
10155,9
10156,19
10157,7
10158,42
10159,6
10160,1
10161,39
10162,16
10163,37
10164,2
10165,29
10166,28
10167,42
10168,40
10169,16
10170,10
10171,38
10172,17
10173,37
10174,0
10175,34
10176,40
10177,33
10178,21
10179,33
10180,41
10181,23
10182,42
10183,3
10184,10
10185,42
10186,11
10187,22
10188,39
10189,14
10190,4
10191,1
10192,7
10193,40
10194,31
10195,6
10196,32
10197,23
10198,17
10199,15
10200,36
10201,15
10202,37
10203,41
10204,18
10205,24
10206,33
10207,30
10208,32
10209,41
10210,18
10211,23
10212,18
10213,27
10214,14
10215,8
10216,13
10217,33
10218,26
10219,27
10220,36
10221,20
10222,30
10223,26
10224,35
10225,28
10226,6
10227,10
10228,19
10229,6
10230,11
10231,4
10232,22
10233,4
10234,19
10235,29
10236,39
10237,36
10238,8
10239,31
10240,15
10241,0
10242,29
10243,27
10244,32
10245,35
10246,12
10247,35
10248,18
10249,33
10250,35
10251,31
10252,37
10253,19
10254,13
10255,38
10256,11
10257,27
10258,25
10259,8
10260,13
10261,0
10262,10
10263,34
10264,27
10265,11
10266,30
10267,4
10268,30
10269,1
10270,33
10271,28
10272,42
10273,6
10274,25
10275,17
10276,15
10277,6
10278,7
10279,8
10280,12
10281,38
10282,17
10283,29
10284,17
10285,39
10286,17
10287,3
10288,5
10289,9
10290,2
10291,19
10292,27
10293,33
10294,32
10295,4
10296,35
10297,37
10298,6
10299,15
10300,15
10301,39
10302,40
10303,23
10304,6
10305,40
10306,37
10307,26
10308,12
10309,4
10310,39
10311,29
10312,2
10313,25
10314,40
10315,21
10316,9
10317,30
10318,7
10319,9
10320,42
10321,24
10322,38
10323,32
10324,40
10325,3
10326,12
10327,41
10328,29
10329,16
10330,27
10331,27
10332,24
10333,38
10334,7
10335,27
10336,13
10337,0
10338,24
10339,36
10340,34
10341,3
10342,33
10343,14
10344,13
10345,4
10346,9
10347,22
10348,1
10349,1
10350,32
10351,38
10352,20
10353,28
10354,16
10355,34
10356,27
10357,29
10358,11
10359,25
10360,26
10361,40
10362,6
10363,13
10364,15
10365,26
10366,17
10367,13
10368,1
10369,27
10370,5
10371,2
10372,5
10373,26
10374,32
10375,20
10376,36
10377,30
10378,16
10379,40
10380,16
10381,37
10382,14
10383,24
10384,32
10385,21
10386,13
10387,11
10388,2
10389,19
10390,32
10391,25
10392,20
10393,20
10394,6
10395,27
10396,18
10397,39
10398,33
10399,42
10400,3
10401,14
10402,4
10403,19
10404,8
10405,36
10406,5
10407,11
10408,26
10409,42
10410,34
10411,8
10412,32
10413,5
10414,40
10415,19
10416,31
10417,28
10418,15
10419,10
10420,9
10421,25
10422,35
10423,25
10424,19
10425,32
10426,17
10427,2
10428,7
10429,32
10430,26
10431,20
10432,16
10433,11
10434,40
10435,15
10436,35
10437,3
10438,7
10439,22
10440,24
10441,35
10442,12
10443,26
10444,39
10445,40
10446,28
10447,20
10448,13
10449,8
10450,24
10451,28
10452,21
10453,14
10454,39
10455,37
10456,13
10457,30
10458,24
10459,26
10460,1
10461,24
10462,9
10463,18
10464,14
10465,24
10466,16
10467,29
10468,10
10469,1
10470,34
10471,33
10472,41
10473,32
10474,8
10475,9
10476,27
10477,23
10478,20
10479,31
10480,39
10481,17
10482,41
10483,1
10484,3
10485,1
10486,13
10487,17
10488,22
10489,33
10490,32
10491,26
10492,34
10493,6
10494,9
10495,20
10496,0
10497,25
10498,28
10499,41
10500,9
10501,30
10502,33
10503,22
10504,5
10505,32
10506,26
10507,26
10508,6
10509,2
10510,5
10511,31
10512,35
10513,16
10514,16
10515,3
10516,33
10517,38
10518,32
10519,24
10520,31
10521,0
10522,17
10523,31
10524,20
10525,36
10526,20
10527,0
10528,4
10529,13
10530,22
10531,17
10532,15
10533,14
10534,29
10535,33
10536,30
10537,33
10538,28
10539,23
10540,6
10541,4
10542,21
10543,11
10544,19
10545,10
10546,24
10547,16
10548,42
10549,38
10550,11
10551,42
10552,18
10553,22
10554,22
10555,37
10556,10
10557,26
10558,35
10559,39
10560,35
10561,40
10562,32
10563,19
10564,25
10565,4
10566,37
10567,23
10568,8
10569,26
10570,11
10571,27
10572,2
10573,8
10574,16
10575,4
10576,18
10577,12
10578,35
10579,8
10580,30
10581,42
10582,3
10583,18
10584,12
10585,41
10586,31
10587,38
10588,30
10589,11
10590,39
10591,40
10592,12
10593,14
10594,39
10595,33
10596,13
10597,25
10598,9
10599,18
10600,20
10601,19
10602,24
10603,10
10604,21
10605,22
10606,17
10607,4
10608,23
10609,32
10610,30
10611,22
10612,31
10613,34
10614,39
10615,10
10616,40
10617,21
10618,17
10619,5
10620,35
10621,17
10622,23
10623,22
10624,36
10625,20
10626,36
10627,40
10628,31
10629,42
10630,41
10631,25
10632,4
10633,29
10634,21
10635,42
10636,2
10637,2
10638,23
10639,18
10640,3
10641,34
10642,21
10643,39
10644,0
10645,7
10646,34
10647,21
10648,12
10649,15
10650,33
10651,32
10652,32
10653,1
10654,15
10655,40
10656,31
10657,33
10658,29
10659,32
10660,25
10661,25
10662,2
10663,29
10664,5
10665,38
10666,2
10667,12
10668,37
10669,6
10670,30
10671,32
10672,31
10673,37
10674,0
10675,10
10676,10
10677,16
10678,11
10679,2
10680,42
10681,19
10682,37
10683,8
10684,22
10685,15
10686,19
10687,30
10688,37
10689,35
10690,37
10691,11
10692,17
10693,9
10694,11
10695,32
10696,18
10697,33
10698,38
10699,1
10700,23
10701,11
10702,34
10703,18
10704,36
10705,5
10706,7
10707,15
10708,3
10709,12
10710,3
10711,13
10712,31
10713,41
10714,34
10715,20
10716,17
10717,35
10718,13
10719,34
10720,16
10721,39
10722,8
10723,40
10724,6
10725,0
10726,18
10727,38
10728,0
10729,36
10730,13
10731,5
10732,12
10733,12
10734,19
10735,27
10736,34
10737,34
10738,34
10739,21
10740,2
10741,34
10742,29
10743,21
10744,17
10745,20
10746,14
10747,22
10748,16
10749,0
10750,22
10751,37
10752,29
10753,15
10754,31
10755,23
10756,9
10757,18
10758,40
10759,30
10760,0
10761,41
10762,27
10763,10
10764,25
10765,32
10766,3
10767,10
10768,13
10769,19
10770,32
10771,28
10772,25
10773,10
10774,20
10775,41
10776,0
10777,9
10778,4
10779,4
10780,23
10781,13
10782,17
10783,7
10784,18
10785,9
10786,41
10787,4
10788,29
10789,13
10790,28
10791,38
10792,36
10793,34
10794,33
10795,40
10796,7
10797,31
10798,37
10799,6
10800,36
10801,6
10802,35
10803,3
10804,33
10805,4
10806,42
10807,42
10808,38
10809,29
10810,28
10811,9
10812,22
10813,4
10814,26
10815,22
10816,39
10817,38
10818,14
10819,30
10820,29
10821,20
10822,40
10823,19
10824,2
10825,5
10826,12
10827,2
10828,13
10829,40
10830,38
10831,0
10832,28
10833,10
10834,24
10835,39
10836,5
10837,39
10838,7
10839,6
10840,36
10841,29
10842,2
10843,17
10844,1
10845,26
10846,33
10847,9
10848,8
10849,21
10850,18
10851,4
10852,37
10853,11
10854,23
10855,18
10856,17
10857,25
10858,35
10859,36
10860,28
10861,3
10862,21
10863,10
10864,40
10865,39
10866,39
10867,0
10868,27
10869,12
10870,19
10871,14
10872,39
10873,35
10874,8
10875,42
10876,3
10877,31
10878,12
10879,38
10880,20
10881,7
10882,18
10883,7
10884,19
10885,7
10886,14
10887,28
10888,19
10889,27
10890,24
10891,24
10892,2
10893,37
10894,16
10895,35
10896,19
10897,1
10898,23
10899,29
10900,19
10901,7
10902,11
10903,22
10904,38
10905,21
10906,22
10907,7
10908,4
10909,35
10910,12
10911,21
10912,40
10913,42
10914,11
10915,0
10916,40
10917,19
10918,0
10919,8
10920,37
10921,17
10922,19
10923,5
10924,16
10925,8
10926,31
10927,10
10928,28
10929,36
10930,33
10931,5
10932,15
10933,0
10934,23
10935,30
10936,42
10937,28
10938,39
10939,27
10940,37
10941,18
10942,36
10943,32
10944,40
10945,0
10946,9
10947,30
10948,37
10949,31
10950,33
10951,36
10952,37
10953,6
10954,7
10955,32
10956,1
10957,12
10958,6
10959,24
10960,35
10961,21
10962,16
10963,27
10964,38
10965,35
10966,1
10967,10
10968,34
10969,25
10970,17
10971,17
10972,20
10973,24
10974,19
10975,28
10976,33
10977,6
10978,28
10979,2
10980,31
10981,39
10982,0
10983,29
10984,9
10985,9
10986,21
10987,35
10988,1
10989,9
10990,13
10991,4
10992,14
10993,22
10994,27
10995,7
10996,4
10997,4
10998,7
10999,25
11000,3
11001,29
11002,28
11003,29
11004,1
11005,24
11006,26
11007,1
11008,21
11009,41
11010,39
11011,36
11012,36
11013,18
11014,1
11015,25
11016,19
11017,2
11018,14
11019,22
11020,12
11021,29
11022,24
11023,34
11024,20
11025,42
11026,3
11027,4
11028,40
11029,37
11030,41
11031,23
11032,29
11033,1
11034,22
11035,33
11036,42
11037,10
11038,21
11039,20
11040,7
11041,31
11042,9
11043,2
11044,0
11045,5
11046,9
11047,33
11048,14
11049,37
11050,24
11051,20
11052,28
11053,25
11054,23
11055,30
11056,12
11057,17
11058,16
11059,37
11060,34
11061,41
11062,10
11063,6
11064,26
11065,42
11066,9
11067,3
11068,5
11069,16
11070,26
11071,4
11072,7
11073,0
11074,5
11075,34
11076,32
11077,26
11078,13
11079,3
11080,19
11081,27
11082,24
11083,27
11084,1
11085,38
11086,16
11087,21
11088,16
11089,19
11090,32
11091,9
11092,22
11093,5
11094,13
11095,24
11096,11
11097,17
11098,41
11099,21
11100,22
11101,19
11102,21
11103,23
11104,16
11105,37
11106,22
11107,10
11108,8
11109,5
11110,9
11111,6
11112,27
11113,39
11114,0
11115,4
11116,5
11117,39
11118,10
11119,23
11120,8
11121,10
11122,5
11123,24
11124,23
11125,7
11126,3
11127,16
11128,29
11129,2
11130,29
11131,37
11132,40
11133,28
11134,38
11135,14
11136,7
11137,34
11138,28
11139,12
11140,34
11141,40
11142,15
11143,20
11144,0
11145,39
11146,40
11147,42
11148,16
11149,3
11150,21
11151,8
11152,14
11153,19
11154,13
11155,6
11156,3
11157,12
11158,14
11159,42
11160,23
11161,8
11162,38
11163,4
11164,38
11165,26
11166,26
11167,35
11168,10
11169,0
11170,39
11171,15
11172,41
11173,40
11174,34
11175,23
11176,31
11177,12
11178,34
11179,42
11180,12
11181,38
11182,7
11183,20
11184,5
11185,39
11186,19
11187,41
11188,19
11189,32
11190,33
11191,18
11192,14
11193,2
11194,40
11195,22
11196,30
11197,8
11198,25
11199,27
11200,33
11201,16
11202,11
11203,7
11204,28
11205,35
11206,41
11207,33
11208,6
11209,11
11210,35
11211,24
11212,40
11213,37
11214,8
11215,29
11216,41
11217,38
11218,23
11219,1
11220,33
11221,34
11222,40
11223,23
11224,19
11225,0
11226,29
11227,10
11228,22
11229,19
11230,37
11231,7
11232,12
11233,15
11234,14
11235,39
11236,41
11237,29
11238,25
11239,15
11240,35
11241,3
11242,14
11243,3
11244,22
11245,28
11246,19
11247,32
11248,29
11249,39
11250,10
11251,34
11252,28
11253,26
11254,21
11255,42
11256,27
11257,3
11258,38
11259,25
11260,3
11261,15
11262,15
11263,3
11264,33
11265,17
11266,24
11267,28
11268,12
11269,32
11270,8
11271,13
11272,5
11273,31
11274,9
11275,26
11276,21
11277,13
11278,12
11279,16
11280,36
11281,34
11282,28
11283,32
11284,16
11285,6
11286,33
11287,14
11288,41
11289,11
11290,20
11291,16
11292,26
11293,28
11294,13
11295,10
11296,39
11297,15
11298,2
11299,29
11300,10
11301,9
11302,5
11303,25
11304,1
11305,16
11306,39
11307,7
11308,0
11309,17
11310,18
11311,37
11312,10
11313,30
11314,28
11315,31
11316,28
11317,6
11318,26
11319,40
11320,4
11321,14
11322,16
11323,25
11324,35
11325,20
11326,2
11327,26
11328,0
11329,1
11330,35
11331,23
11332,34
11333,16
11334,10
11335,1
11336,38
11337,30
11338,41
11339,26
11340,31
11341,26
11342,13
11343,19
11344,8
11345,7
11346,25
11347,21
11348,16
11349,23
11350,23
11351,29
11352,23
11353,37
11354,20
11355,3
11356,13
11357,23
11358,42
11359,12
11360,8
11361,10
11362,5
11363,14
11364,6
11365,41
11366,33
11367,7
11368,32
11369,18
11370,28
11371,15
11372,27
11373,1
11374,17
11375,5
11376,35
11377,2
11378,42
11379,34
11380,14
11381,40
11382,41
11383,21
11384,1
11385,11
11386,8
11387,26
11388,11
11389,37
11390,8
11391,21
11392,6
11393,34
11394,40
11395,42
11396,36
11397,15
11398,27
11399,22
11400,42
11401,25
11402,18
11403,26
11404,17
11405,38
11406,36
11407,19
11408,35
11409,39
11410,6
11411,8
11412,28
11413,32
11414,1
11415,13
11416,21
11417,20
11418,20
11419,11
11420,30
11421,26
11422,0
11423,22
11424,36
11425,25
11426,37
11427,13
11428,31
11429,0
11430,25
11431,30
11432,26
11433,35
11434,16
11435,27
11436,33
11437,18
11438,25
11439,20
11440,13
11441,19
11442,25
11443,38
11444,1
11445,31
11446,8
11447,31
11448,12
11449,30
11450,37
11451,13
11452,33
11453,27
11454,40
11455,25
11456,32
11457,4
11458,1
11459,17
11460,35
11461,8
11462,11
11463,12
11464,39
11465,24
11466,27
11467,10
11468,32
11469,19
11470,18
11471,6
11472,9
11473,10
11474,8
11475,17
11476,24
11477,29
11478,38
11479,3
11480,27
11481,33
11482,1
11483,4
11484,10
11485,29
11486,10
11487,34
11488,5
11489,28
11490,33
11491,28
11492,23
11493,6
11494,18
11495,37
11496,30
11497,2
11498,24
11499,2
11500,1
11501,12
11502,30
11503,9
11504,11
11505,16
11506,9
11507,16
11508,19
11509,7
11510,41
11511,23
11512,3
11513,35
11514,15
11515,38
11516,15
11517,20
11518,5
11519,41
11520,6
11521,11
11522,21
11523,34
11524,3
11525,33
11526,6
11527,40
11528,3
11529,18
11530,36
11531,22
11532,3
11533,12
11534,15
11535,23
11536,22
11537,17
11538,21
11539,32
11540,3
11541,4
11542,39
11543,16
11544,21
11545,41
11546,2
11547,18
11548,15
11549,12
11550,2
11551,5
11552,18
11553,15
11554,6
11555,32
11556,4
11557,27
11558,14
11559,3
11560,14
11561,3
11562,13
11563,32
11564,9
11565,17
11566,26
11567,8
11568,15
11569,24
11570,4
11571,26
11572,35
11573,28
11574,33
11575,14
11576,11
11577,35
11578,36
11579,7
11580,18
11581,40
11582,28
11583,24
11584,13
11585,18
11586,9
11587,25
11588,20
11589,25
11590,35
11591,34
11592,34
11593,35
11594,15
11595,34
11596,23
11597,9
11598,0
11599,40
11600,23
11601,41
11602,16
11603,39
11604,7
11605,22
11606,32
11607,21
11608,13
11609,28
11610,27
11611,12
11612,18
11613,10
11614,1
11615,38
11616,20
11617,32
11618,19
11619,4
11620,8
11621,18
11622,23
11623,21
11624,38
11625,24
11626,28
11627,34
11628,8
11629,8
11630,36
11631,35
11632,21
11633,19
11634,29
11635,0
11636,20
11637,6
11638,40
11639,12
11640,41
11641,36
11642,21
11643,11
11644,14
11645,42
11646,33
11647,30
11648,41
11649,30
11650,16
11651,24
11652,19
11653,7
11654,38
11655,38
11656,37
11657,4
11658,20
11659,22
11660,35
11661,39
11662,42
11663,40
11664,24
11665,30
11666,28
11667,26
11668,38
11669,10
11670,6
11671,29
11672,26
11673,0
11674,26
11675,8
11676,7
11677,33
11678,4
11679,38
11680,22
11681,6
11682,37
11683,3
11684,4
11685,10
11686,2
11687,4
11688,9
11689,25
11690,4
11691,23
11692,28
11693,9
11694,39
11695,21
11696,20
11697,27
11698,40
11699,33
11700,28
11701,19
11702,1
11703,34
11704,19
11705,18
11706,35
11707,40
11708,39
11709,26
11710,6
11711,30
11712,35
11713,23
11714,24
11715,20
11716,22
11717,27
11718,26
11719,30
11720,27
11721,14
11722,0
11723,6
11724,31
11725,35
11726,5
11727,27
11728,5
11729,19
11730,0
11731,42
11732,10
11733,29
11734,20
11735,25
11736,31
11737,41
11738,34
11739,17
11740,21
11741,5
11742,18
11743,35
11744,3
11745,26
11746,25
11747,37
11748,25
11749,1
11750,15
11751,26
11752,17
11753,10
11754,21
11755,13
11756,23
11757,6
11758,36
11759,4
11760,1
11761,9
11762,30
11763,34
11764,33
11765,8
11766,9
11767,11
11768,4
11769,27
11770,12
11771,42
11772,7
11773,27
11774,32
11775,40
11776,34
11777,17
11778,24
11779,14
11780,10
11781,31
11782,40
11783,2
11784,2
11785,33
11786,28
11787,13
11788,8
11789,42
11790,15
11791,24
11792,22
11793,2
11794,14
11795,35
11796,16
11797,14
11798,7
11799,7
11800,30
11801,25
11802,36
11803,10
11804,25
11805,10
11806,8
11807,26
11808,37
11809,36
11810,35
11811,11
11812,23
11813,27
11814,0
11815,15
11816,39
11817,32
11818,28
11819,38
11820,29
11821,8
11822,23
11823,22
11824,9
11825,24
11826,9
11827,12
11828,25
11829,23
11830,16
11831,5
11832,23
11833,33
11834,33
11835,5
11836,6
11837,13
11838,4
11839,24
11840,18
11841,6
11842,20
11843,42
11844,21
11845,31
11846,38
11847,13
11848,32
11849,11
11850,41
11851,25
11852,3
11853,15
11854,8
11855,4
11856,23
11857,19
11858,32
11859,8
11860,21
11861,0
11862,5
11863,42
11864,28
11865,4
11866,40
11867,6
11868,10
11869,17
11870,22
11871,16
11872,3
11873,27
11874,29
11875,10
11876,5
11877,26
11878,8
11879,15
11880,30
11881,0
11882,42
11883,10
11884,12
11885,7
11886,16
11887,0
11888,34
11889,10
11890,23
11891,19
11892,3
11893,24
11894,35
11895,3
11896,38
11897,9
11898,9
11899,18
11900,29
11901,23
11902,24
11903,39
11904,4
11905,7
11906,26
11907,21
11908,31
11909,22
11910,8
11911,9
11912,4
11913,29
11914,32
11915,11
11916,17
11917,40
11918,38
11919,13
11920,26
11921,26
11922,37
11923,4
11924,0
11925,26
11926,11
11927,13
11928,26
11929,34
11930,41
11931,3
11932,16
11933,17
11934,36
11935,12
11936,5
11937,7
11938,6
11939,18
11940,21
11941,10
11942,6
11943,16
11944,28
11945,35
11946,13
11947,6
11948,9
11949,3
11950,26
11951,39
11952,2
11953,5
11954,42
11955,32
11956,12
11957,15
11958,33
11959,26
11960,34
11961,26
11962,31
11963,12
11964,16
11965,5
11966,1
11967,0
11968,1
11969,27
11970,32
11971,29
11972,10
11973,17
11974,0
11975,26
11976,28
11977,8
11978,21
11979,40
11980,19
11981,12
11982,38
11983,3
11984,28
11985,17
11986,5
11987,5
11988,14
11989,1
11990,22
11991,16
11992,18
11993,37
11994,42
11995,33
11996,36
11997,37
11998,8
11999,24
12000,29
12001,23
12002,0
12003,19
12004,18
12005,10
12006,1
12007,11
12008,9
12009,4
12010,4
12011,42
12012,26
12013,3
12014,0
12015,30
12016,37
12017,16
12018,22
12019,24
12020,0
12021,6
12022,9
12023,20
12024,24
12025,23
12026,15
12027,24
12028,39
12029,21
12030,34
12031,27
12032,4
12033,17
12034,40
12035,32
12036,35
12037,16
12038,4
12039,3
12040,16
12041,9
12042,20
12043,21
12044,15
12045,5
12046,38
12047,36
12048,25
12049,19
12050,17
12051,0
12052,5
12053,39
12054,4
12055,30
12056,35
12057,8
12058,10
12059,19
12060,41
12061,8
12062,29
12063,26
12064,8
12065,17
12066,33
12067,38
12068,9
12069,2
12070,4
12071,16
12072,4
12073,20
12074,30
12075,3
12076,20
12077,26
12078,35
12079,41
12080,10
12081,28
12082,16
12083,20
12084,2
12085,6
12086,29
12087,17
12088,41
12089,15
12090,2
12091,13
12092,11
12093,22
12094,39
12095,38
12096,15
12097,17
12098,34
12099,12
12100,4
12101,20
12102,12
12103,2
12104,8
12105,15
12106,28
12107,9
12108,35
12109,39
12110,19
12111,35
12112,29
12113,8
12114,21
12115,32
12116,41
12117,35
12118,41
12119,33
12120,20
12121,15
12122,33
12123,29
12124,39
12125,5
12126,27
12127,11
12128,1
12129,12
12130,9
12131,32
12132,15
12133,0
12134,2
12135,22
12136,32
12137,40
12138,20
12139,38
12140,10
12141,15
12142,41
12143,11
12144,6
12145,32
12146,42
12147,18
12148,8
12149,0
12150,16
12151,7
12152,8
12153,4
12154,41
12155,26
12156,6
12157,26
12158,6
12159,8
12160,0
12161,31
12162,7
12163,17
12164,4
12165,9
12166,26
12167,18
12168,9
12169,34
12170,27
12171,22
12172,13
12173,7
12174,4
12175,28
12176,10
12177,27
12178,3
12179,24
12180,25
12181,12
12182,6
12183,1
12184,26
12185,42
12186,31
12187,28
12188,19
12189,38
12190,28
12191,36
12192,29
12193,12
12194,2
12195,22
12196,36
12197,29
12198,40
12199,38
12200,25
12201,23
12202,40
12203,15
12204,22
12205,10
12206,23
12207,22
12208,35
12209,14
12210,35
12211,23
12212,16
12213,2
12214,35
12215,27
12216,38
12217,27
12218,11
12219,27
12220,35
12221,36
12222,23
12223,0
12224,29
12225,36
12226,1
12227,1
12228,32
12229,16
12230,1
12231,15
12232,2
12233,20
12234,6
12235,8
12236,22
12237,7
12238,18
12239,25
12240,37
12241,25
12242,11
12243,37
12244,19
12245,33
12246,5
12247,22
12248,19
12249,34
12250,7
12251,35
12252,26
12253,10
12254,37
12255,10
12256,26
12257,30
12258,31
12259,28
12260,41
12261,23
12262,26
12263,6
12264,11
12265,11
12266,16
12267,23
12268,15
12269,16
12270,38
12271,4
12272,39
12273,19
12274,3
12275,40
12276,42
12277,9
12278,6
12279,31
12280,16
12281,23
12282,33
12283,22
12284,10
12285,35
12286,15
12287,5
12288,8
12289,18
12290,32
12291,38
12292,32
12293,41
12294,17
12295,41
12296,17
12297,30
12298,17
12299,19
12300,32
12301,39
12302,39
12303,31
12304,15
12305,34
12306,21
12307,19
12308,16
12309,34
12310,28
12311,20
12312,7
12313,3
12314,3
12315,24
12316,37
12317,18
12318,0
12319,26
12320,2
12321,25
12322,21
12323,32
12324,22
12325,38
12326,40
12327,39
12328,20
12329,33
12330,35
12331,18
12332,32
12333,19
12334,27
12335,35
12336,39
12337,4
12338,25
12339,28
12340,4
12341,16
12342,36
12343,5
12344,12
12345,13
12346,12
12347,22
12348,19
12349,15
12350,0
12351,28
12352,6
12353,36
12354,10
12355,31
12356,32
12357,38
12358,40
12359,27
12360,23
12361,6
12362,38
12363,5
12364,18
12365,9
12366,16
12367,4
12368,26
12369,0
12370,1
12371,17
12372,7
12373,33
12374,24
12375,20
12376,23
12377,42
12378,33
12379,42
12380,20
12381,36
12382,10
12383,16
12384,27
12385,10
12386,27
12387,37
12388,1
12389,21
12390,40
12391,4
12392,40
12393,29
12394,29
12395,0
12396,25
12397,17
12398,30
12399,10
12400,19
12401,5
12402,8
12403,30
12404,25
12405,25
12406,17
12407,41
12408,0
12409,21
12410,31
12411,25
12412,7
12413,9
12414,12
12415,5
12416,17
12417,39
12418,1
12419,32
12420,8
12421,10
12422,27
12423,33
12424,26
12425,33
12426,0
12427,9
12428,21
12429,9
12430,36
12431,5
12432,6
12433,42
12434,9
12435,39
12436,11
12437,10
12438,29
12439,20
12440,29
12441,33
12442,13
12443,22
12444,32
12445,21
12446,5
12447,27
12448,42
12449,7
12450,39
12451,34
12452,41
12453,21
12454,40
12455,26
12456,27
12457,10
12458,1
12459,0
12460,4
12461,18
12462,27
12463,9
12464,4
12465,29
12466,26
12467,13
12468,33
12469,0
12470,39
12471,1
12472,35
12473,3
12474,5
12475,14
12476,2
12477,6
12478,1
12479,6
12480,2
12481,41
12482,6
12483,4
12484,22
12485,24
12486,3
12487,3
12488,39
12489,23
12490,42
12491,9
12492,36
12493,39
12494,4
12495,32
12496,2
12497,9
12498,29
12499,37
12500,10
12501,34
12502,30
12503,3
12504,23
12505,7
12506,4
12507,23
12508,3
12509,3
12510,21
12511,29
12512,10
12513,13
12514,1
12515,38
12516,22
12517,28
12518,15
12519,32
12520,41
12521,7
12522,1
12523,23
12524,34
12525,24
12526,41
12527,0
12528,19
12529,7
12530,40
12531,7
12532,8
12533,16
12534,26
12535,26
12536,28
12537,32
12538,9
12539,35
12540,28
12541,8
12542,31
12543,27
12544,16
12545,7
12546,26
12547,39
12548,39
12549,30
12550,21
12551,36
12552,0
12553,40
12554,41
12555,22
12556,12
12557,27
12558,20
12559,5
12560,11
12561,30
12562,40
12563,12
12564,14
12565,0
12566,31
12567,4
12568,11
12569,0
12570,21
12571,11
12572,5
12573,10
12574,10
12575,23
12576,22
12577,11
12578,18
12579,9
12580,16
12581,39
12582,17
12583,15
12584,0
12585,35
12586,14
12587,8
12588,38
12589,18
12590,35
12591,34
12592,12
12593,36
12594,22
12595,15
12596,5
12597,4
12598,24
12599,36
12600,12
12601,5
12602,36
12603,35
12604,28
12605,21
12606,10
12607,32
12608,0
12609,30
12610,38
12611,8
12612,32
12613,29
12614,32
12615,41
12616,32
12617,15
12618,11
12619,26
12620,13
12621,33
12622,15
12623,13
12624,21
12625,16
12626,27
12627,6
12628,22
12629,7
