Unnamed: 0,Buy
17685,1
17686,0
17687,1
17688,1
17689,1
17690,0
17691,1
17692,0
17693,1
17694,1
17695,0
17696,0
17697,0
17698,0
17699,0
17700,0
17701,1
17702,1
17703,0
17704,1
17705,0
17706,0
17707,1
17708,1
17709,1
17710,1
17711,1
17712,1
17713,0
17714,1
17715,1
17716,0
17717,0
17718,0
17719,0
17720,1
17721,1
17722,0
17723,0
17724,0
17725,1
17726,1
17727,0
17728,0
17729,0
17730,0
17731,0
17732,1
17733,1
17734,0
17735,1
17736,1
17737,1
17738,0
17739,0
17740,1
17741,1
17742,0
17743,1
17744,1
17745,1
17746,1
17747,1
17748,0
17749,1
17750,1
17751,1
17752,0
17753,1
17754,0
17755,1
17756,1
17757,0
17758,0
17759,1
17760,0
17761,0
17762,1
17763,0
17764,1
17765,0
17766,0
17767,1
17768,0
17769,0
17770,1
17771,0
17772,0
17773,1
17774,1
17775,0
17776,0
17777,0
17778,0
17779,0
17780,0
17781,0
17782,0
17783,0
17784,0
17785,0
17786,0
17787,0
17788,1
17789,1
17790,0
17791,0
17792,0
17793,0
17794,0
17795,0
17796,0
17797,1
17798,1
17799,0
17800,1
17801,0
17802,1
17803,0
17804,1
17805,1
17806,1
17807,1
17808,0
17809,0
17810,1
17811,0
17812,1
17813,1
17814,0
17815,1
17816,1
17817,1
17818,0
17819,1
17820,0
17821,1
17822,0
17823,0
17824,1
17825,0
17826,1
17827,1
17828,0
17829,1
17830,1
17831,0
17832,1
17833,1
17834,1
17835,0
17836,0
17837,0
17838,1
17839,1
17840,1
17841,1
17842,1
17843,0
17844,1
17845,1
17846,0
17847,0
17848,1
17849,0
17850,0
17851,1
17852,0
17853,1
17854,1
17855,0
17856,1
17857,0
17858,1
17859,1
17860,1
17861,1
17862,0
17863,1
17864,1
17865,1
17866,0
17867,0
17868,1
17869,0
17870,0
17871,0
17872,1
17873,1
17874,0
17875,0
17876,1
17877,0
17878,1
17879,0
17880,1
17881,1
17882,0
17883,0
17884,1
17885,0
17886,0
17887,1
17888,0
17889,1
17890,0
17891,1
17892,1
17893,0
17894,1
17895,1
17896,1
17897,0
17898,0
17899,0
17900,1
17901,0
17902,0
17903,0
17904,0
17905,1
17906,1
17907,0
17908,1
17909,1
17910,1
17911,1
17912,1
17913,0
17914,1
17915,1
17916,1
17917,0
17918,0
17919,0
17920,0
17921,1
17922,1
17923,1
17924,0
17925,0
17926,0
17927,1
17928,0
17929,0
17930,1
17931,0
17932,1
17933,1
17934,0
17935,1
17936,0
17937,0
17938,0
17939,0
17940,0
17941,1
17942,1
17943,0
17944,0
17945,1
17946,0
17947,1
17948,0
17949,0
17950,0
17951,1
17952,1
17953,0
17954,1
17955,1
17956,1
17957,0
17958,0
17959,0
17960,1
17961,1
17962,1
17963,0
17964,1
17965,1
17966,0
17967,0
17968,1
17969,1
17970,1
17971,1
17972,1
17973,1
17974,0
17975,0
17976,0
17977,1
17978,1
17979,0
17980,0
17981,0
17982,1
17983,0
17984,0
17985,0
17986,1
17987,0
17988,0
17989,1
17990,0
17991,0
17992,1
17993,1
17994,0
17995,0
17996,1
17997,0
17998,0
17999,0
18000,1
18001,0
18002,1
18003,1
18004,0
18005,0
18006,0
18007,1
18008,0
18009,1
18010,0
18011,0
18012,1
18013,0
18014,1
18015,1
18016,0
18017,1
18018,0
18019,1
18020,1
18021,1
18022,1
18023,0
18024,1
18025,1
18026,0
18027,1
18028,1
18029,0
18030,0
18031,1
18032,0
18033,0
18034,1
18035,0
18036,0
18037,0
18038,1
18039,0
18040,1
18041,0
18042,1
18043,1
18044,0
18045,0
18046,0
18047,0
18048,0
18049,1
18050,1
18051,1
18052,0
18053,0
18054,0
18055,1
18056,1
18057,1
18058,1
18059,1
18060,1
18061,0
18062,1
18063,1
18064,0
18065,1
18066,0
18067,0
18068,1
18069,0
18070,1
18071,1
18072,0
18073,0
18074,1
18075,0
18076,1
18077,1
18078,0
18079,1
18080,0
18081,1
18082,0
18083,0
18084,1
18085,1
18086,0
18087,1
18088,0
18089,1
18090,0
18091,1
18092,0
18093,0
18094,1
18095,0
18096,1
18097,0
18098,0
18099,0
18100,0
18101,1
18102,0
18103,0
18104,0
18105,1
18106,1
18107,1
18108,0
18109,1
18110,1
18111,0
18112,1
18113,1
18114,0
18115,0
18116,1
18117,1
18118,0
18119,0
18120,1
18121,1
18122,0
18123,0
18124,0
18125,0
18126,1
18127,0
18128,0
18129,0
18130,1
18131,0
18132,1
18133,0
18134,0
18135,1
18136,0
18137,0
18138,1
18139,0
18140,1
18141,1
18142,0
18143,0
18144,1
18145,0
18146,1
18147,0
18148,0
18149,0
18150,0
18151,1
18152,1
18153,1
18154,1
18155,1
18156,0
18157,1
18158,1
18159,0
18160,0
18161,0
18162,0
18163,1
18164,1
18165,1
18166,1
18167,0
18168,0
18169,0
18170,0
18171,1
18172,1
18173,0
18174,1
18175,0
18176,1
18177,1
18178,1
18179,1
18180,1
18181,1
18182,1
18183,0
18184,1
18185,1
18186,0
18187,0
18188,1
18189,0
18190,1
18191,0
18192,0
18193,0
18194,0
18195,0
18196,0
18197,0
18198,1
18199,1
18200,1
18201,1
18202,0
18203,0
18204,0
18205,1
18206,0
18207,1
18208,1
18209,1
18210,1
18211,0
18212,1
18213,0
18214,0
18215,1
18216,1
18217,0
18218,1
18219,1
18220,1
18221,0
18222,0
18223,1
18224,1
18225,0
18226,1
18227,1
18228,1
18229,0
18230,0
18231,1
18232,1
18233,0
18234,1
18235,1
18236,0
18237,1
18238,0
18239,1
18240,1
18241,0
18242,1
18243,0
18244,0
18245,1
18246,1
18247,1
18248,0
18249,0
18250,0
18251,0
18252,1
18253,0
18254,0
18255,0
18256,1
18257,1
18258,1
18259,1
18260,1
18261,1
18262,1
18263,1
18264,0
18265,1
18266,0
18267,0
18268,1
18269,0
18270,0
18271,0
18272,0
18273,1
18274,0
18275,1
18276,1
18277,0
18278,0
18279,1
18280,1
18281,1
18282,1
18283,1
18284,1
18285,1
18286,0
18287,1
18288,1
18289,1
18290,1
18291,1
18292,0
18293,1
18294,1
18295,1
18296,1
18297,1
18298,0
18299,1
18300,0
18301,0
18302,1
18303,0
18304,0
18305,1
18306,1
18307,0
18308,1
18309,1
18310,1
18311,0
18312,1
18313,0
18314,1
18315,0
18316,1
18317,1
18318,0
18319,0
18320,0
18321,1
18322,1
18323,1
18324,1
18325,1
18326,0
18327,1
18328,0
18329,0
18330,1
18331,0
18332,0
18333,1
18334,0
18335,0
18336,0
18337,1
18338,1
18339,0
18340,0
18341,0
18342,0
18343,0
18344,1
18345,0
18346,0
18347,0
18348,0
18349,1
18350,0
18351,0
18352,1
18353,0
18354,0
18355,1
18356,0
18357,1
18358,0
18359,0
18360,1
18361,1
18362,1
18363,0
18364,1
18365,1
18366,1
18367,0
18368,0
18369,0
18370,0
18371,1
18372,1
18373,1
18374,0
18375,0
18376,1
18377,0
18378,0
18379,0
18380,1
18381,1
18382,1
18383,0
18384,0
18385,0
18386,0
18387,1
18388,1
18389,0
18390,0
18391,1
18392,0
18393,0
18394,0
18395,1
18396,1
18397,0
18398,1
18399,1
18400,1
18401,1
18402,1
18403,0
18404,1
18405,1
18406,1
18407,0
18408,1
18409,0
18410,1
18411,1
18412,0
18413,0
18414,0
18415,0
18416,1
18417,1
18418,1
18419,0
18420,1
18421,1
18422,1
18423,1
18424,0
18425,1
18426,0
18427,1
18428,0
18429,0
18430,1
18431,0
18432,0
18433,1
18434,1
18435,0
18436,0
18437,0
18438,0
18439,0
18440,0
18441,1
18442,1
18443,0
18444,1
18445,0
18446,1
18447,0
18448,0
18449,0
18450,1
18451,1
18452,0
18453,1
18454,1
18455,0
18456,0
18457,1
18458,1
18459,0
18460,1
18461,0
18462,0
18463,1
18464,0
18465,0
18466,0
18467,1
18468,1
18469,0
18470,1
18471,0
18472,0
18473,0
18474,0
18475,0
18476,0
18477,1
18478,0
18479,1
18480,0
18481,1
18482,0
18483,1
18484,0
18485,1
18486,0
18487,1
18488,1
18489,0
18490,1
18491,1
18492,0
18493,0
18494,0
18495,0
18496,0
18497,0
18498,1
18499,1
18500,0
18501,0
18502,1
18503,1
18504,0
18505,1
18506,1
18507,0
18508,1
18509,1
18510,1
18511,0
18512,1
18513,1
18514,0
18515,1
18516,1
18517,1
18518,0
18519,1
18520,0
18521,0
18522,0
18523,0
18524,1
18525,0
18526,1
18527,0
18528,0
18529,1
18530,1
18531,0
18532,0
18533,0
18534,1
18535,1
18536,0
18537,1
18538,1
18539,1
18540,0
18541,1
18542,0
18543,1
18544,1
18545,0
18546,0
18547,1
18548,1
18549,1
18550,0
18551,0
18552,1
18553,1
18554,1
18555,1
18556,0
18557,1
18558,0
18559,0
18560,0
18561,0
18562,1
18563,1
18564,1
18565,0
18566,1
18567,1
18568,1
18569,1
18570,0
18571,0
18572,0
18573,1
18574,0
18575,1
18576,1
18577,1
18578,1
18579,0
18580,0
18581,0
18582,1
18583,1
18584,0
18585,1
18586,0
18587,1
18588,0
18589,1
18590,1
18591,0
18592,0
18593,1
18594,1
18595,1
18596,1
18597,0
18598,0
18599,0
18600,0
18601,0
18602,1
18603,1
18604,1
18605,0
18606,0
18607,1
18608,0
18609,0
18610,1
18611,0
18612,1
18613,1
18614,0
18615,0
18616,1
18617,1
18618,1
18619,1
18620,0
18621,0
18622,0
18623,1
18624,1
18625,1
18626,0
18627,0
18628,1
18629,0
18630,0
18631,1
18632,1
18633,0
18634,1
18635,0
18636,1
18637,0
18638,1
18639,1
18640,1
18641,1
18642,0
18643,1
18644,1
18645,1
18646,1
18647,1
18648,1
18649,0
18650,1
18651,0
18652,1
18653,1
18654,0
18655,1
18656,0
18657,0
18658,0
18659,1
18660,0
18661,1
18662,1
18663,1
18664,1
18665,0
18666,0
18667,0
18668,1
18669,0
18670,0
18671,0
18672,0
18673,0
18674,0
18675,0
18676,0
18677,0
18678,0
18679,0
18680,0
18681,1
18682,1
18683,1
18684,1
18685,0
18686,0
18687,1
18688,1
18689,0
18690,0
18691,0
18692,0
18693,1
18694,0
18695,1
18696,1
18697,0
18698,1
18699,1
18700,0
18701,0
18702,1
18703,0
18704,0
18705,0
18706,1
18707,1
18708,1
18709,0
18710,1
18711,1
18712,0
18713,0
18714,1
18715,1
18716,0
18717,1
18718,1
18719,0
18720,1
18721,0
18722,0
18723,0
18724,0
18725,0
18726,0
18727,1
18728,0
18729,0
18730,0
18731,0
18732,0
18733,1
18734,1
18735,1
18736,1
18737,0
18738,0
18739,0
18740,1
18741,1
18742,0
18743,1
18744,1
18745,0
18746,1
18747,0
18748,1
18749,0
18750,0
18751,0
18752,0
18753,0
18754,0
18755,1
18756,0
18757,0
18758,0
18759,0
18760,0
18761,0
18762,0
18763,1
18764,0
18765,0
18766,0
18767,1
18768,0
18769,0
18770,0
18771,1
18772,0
18773,1
18774,0
18775,1
18776,1
18777,0
18778,1
18779,0
18780,1
18781,0
18782,0
18783,0
18784,1
18785,0
18786,1
18787,1
18788,1
18789,0
18790,0
18791,0
18792,1
18793,0
18794,1
18795,1
18796,0
18797,0
18798,1
18799,1
18800,1
18801,0
18802,0
18803,1
18804,0
18805,1
18806,1
18807,1
18808,1
18809,0
18810,1
18811,0
18812,1
18813,0
18814,0
18815,0
18816,0
18817,0
18818,0
18819,0
18820,0
18821,0
18822,0
18823,1
18824,0
18825,0
18826,1
18827,1
18828,1
18829,1
18830,0
18831,0
18832,1
18833,1
18834,0
18835,1
18836,1
18837,1
18838,0
18839,1
18840,1
18841,1
18842,1
18843,1
18844,1
18845,1
18846,0
18847,0
18848,0
18849,1
18850,0
18851,0
18852,0
18853,1
18854,0
18855,1
18856,0
18857,0
18858,1
18859,1
18860,0
18861,0
18862,0
18863,1
18864,0
18865,0
18866,0
18867,0
18868,0
18869,0
18870,1
18871,0
18872,0
18873,1
18874,0
18875,1
18876,1
18877,1
18878,1
18879,0
18880,0
18881,1
18882,0
18883,0
18884,1
18885,0
18886,0
18887,0
18888,1
18889,1
18890,0
18891,1
18892,0
18893,0
18894,0
18895,0
18896,1
18897,1
18898,0
18899,0
18900,0
18901,1
18902,1
18903,1
18904,0
18905,0
18906,1
18907,0
18908,1
18909,1
18910,0
18911,0
18912,0
18913,0
18914,0
18915,0
18916,0
18917,0
18918,0
18919,0
18920,1
18921,0
18922,1
18923,0
18924,1
18925,0
18926,1
18927,0
18928,0
18929,0
18930,0
18931,0
18932,0
18933,1
18934,1
18935,0
18936,0
18937,1
18938,1
18939,1
18940,0
18941,1
18942,1
18943,0
18944,1
18945,0
18946,1
18947,1
18948,0
18949,0
18950,1
18951,1
18952,1
18953,0
18954,0
18955,0
18956,0
18957,0
18958,1
18959,0
18960,1
18961,1
18962,0
18963,0
18964,1
18965,1
18966,0
18967,1
18968,1
18969,1
18970,0
18971,1
18972,1
18973,1
18974,0
18975,0
18976,1
18977,1
18978,0
18979,0
18980,1
18981,1
18982,1
18983,1
18984,1
18985,0
18986,0
18987,1
18988,0
18989,0
18990,1
18991,0
18992,0
18993,1
18994,1
18995,1
18996,1
18997,1
18998,0
18999,0
19000,1
19001,0
19002,0
19003,1
19004,1
19005,0
19006,0
19007,1
19008,1
19009,1
19010,0
19011,1
19012,0
19013,0
19014,1
19015,0
19016,0
19017,0
19018,1
19019,1
19020,0
19021,1
19022,0
19023,0
19024,0
19025,0
19026,0
19027,0
19028,0
19029,1
19030,1
19031,1
19032,1
19033,0
19034,1
19035,1
19036,1
19037,1
19038,1
19039,0
19040,1
19041,1
19042,1
19043,0
19044,0
19045,1
19046,1
19047,0
19048,0
19049,0
19050,0
19051,1
19052,0
19053,0
19054,0
19055,1
19056,0
19057,1
19058,1
19059,0
19060,1
19061,0
19062,0
19063,0
19064,0
19065,0
19066,1
19067,1
19068,0
19069,1
19070,0
19071,1
19072,1
19073,0
19074,0
19075,0
19076,0
19077,1
19078,1
19079,1
19080,0
19081,0
19082,1
19083,0
19084,0
19085,1
19086,0
19087,1
19088,1
19089,1
19090,1
19091,0
19092,1
19093,0
19094,1
19095,1
19096,1
19097,0
19098,0
19099,0
19100,0
19101,1
19102,0
19103,0
19104,0
19105,0
19106,1
19107,0
19108,1
19109,1
19110,0
19111,1
19112,0
19113,0
19114,0
19115,0
19116,1
19117,1
19118,0
19119,1
19120,0
19121,0
19122,0
19123,0
19124,1
19125,0
19126,1
19127,0
19128,0
19129,1
19130,1
19131,0
19132,0
19133,1
19134,1
19135,0
19136,1
19137,0
19138,0
19139,0
19140,1
19141,1
19142,0
19143,0
19144,1
19145,0
19146,0
19147,0
19148,1
19149,1
19150,1
19151,0
19152,0
19153,0
19154,1
19155,0
19156,0
19157,1
19158,0
19159,0
19160,1
19161,1
19162,0
19163,0
19164,0
19165,0
19166,0
19167,0
19168,1
19169,1
19170,1
19171,0
19172,1
19173,1
19174,0
19175,1
19176,1
19177,1
19178,0
19179,0
19180,1
19181,0
19182,0
19183,1
19184,0
19185,1
19186,0
19187,0
19188,0
19189,1
19190,0
19191,0
19192,1
19193,1
19194,1
19195,1
19196,0
19197,1
19198,0
19199,0
19200,1
19201,1
19202,0
19203,0
19204,0
19205,1
19206,1
19207,0
19208,0
19209,0
19210,1
19211,0
19212,0
19213,0
19214,1
19215,1
19216,1
19217,1
19218,0
19219,0
19220,0
19221,0
19222,1
19223,0
19224,0
19225,1
19226,1
19227,1
19228,0
19229,1
19230,0
19231,0
19232,0
19233,0
19234,0
19235,0
19236,0
19237,0
19238,1
19239,0
19240,0
19241,1
19242,0
19243,1
19244,0
19245,0
19246,0
19247,0
19248,1
19249,0
19250,1
19251,1
19252,0
19253,0
19254,0
19255,0
19256,0
19257,0
19258,1
19259,0
19260,0
19261,0
19262,1
19263,1
19264,0
19265,0
19266,0
19267,1
19268,1
19269,0
19270,0
19271,0
19272,1
19273,0
19274,1
19275,1
19276,0
19277,1
19278,0
19279,1
19280,1
19281,0
19282,1
19283,0
19284,1
19285,1
19286,1
19287,0
19288,0
19289,0
19290,1
19291,0
19292,0
19293,0
19294,1
19295,0
19296,0
19297,0
19298,1
19299,1
19300,0
19301,0
19302,1
19303,1
19304,1
19305,0
19306,1
19307,1
19308,0
19309,1
19310,0
19311,1
19312,1
19313,0
19314,1
19315,0
19316,1
19317,1
19318,0
19319,1
19320,0
19321,0
19322,1
19323,0
19324,1
19325,0
19326,0
19327,0
19328,1
19329,1
19330,1
19331,1
19332,0
19333,1
19334,0
19335,1
19336,0
19337,0
19338,1
19339,0
19340,0
19341,0
19342,1
19343,0
19344,0
19345,1
19346,0
19347,0
19348,0
19349,1
19350,1
19351,1
19352,1
19353,0
19354,1
19355,0
19356,1
19357,1
19358,1
19359,1
19360,1
19361,1
19362,1
19363,1
19364,1
19365,0
19366,0
19367,0
19368,1
19369,0
19370,1
19371,1
19372,0
19373,1
19374,0
19375,0
19376,0
19377,1
19378,1
19379,1
19380,1
19381,1
19382,0
19383,0
19384,0
19385,1
19386,0
19387,0
19388,0
19389,1
19390,1
19391,0
19392,0
19393,0
19394,1
19395,1
19396,0
19397,1
19398,1
19399,0
19400,0
19401,0
19402,1
19403,0
19404,1
19405,1
19406,0
19407,0
19408,0
19409,0
19410,1
19411,0
19412,1
19413,0
19414,1
19415,0
19416,0
19417,0
19418,0
19419,1
19420,0
19421,1
19422,0
19423,0
19424,0
19425,0
19426,0
19427,1
19428,1
19429,0
19430,0
19431,1
19432,0
19433,1
19434,0
19435,0
19436,0
19437,0
19438,1
19439,1
19440,0
19441,1
19442,1
19443,1
19444,1
19445,0
19446,0
19447,1
19448,1
19449,1
19450,0
19451,0
19452,1
19453,1
19454,0
19455,0
19456,0
19457,1
19458,0
19459,0
19460,0
19461,1
19462,1
19463,0
19464,1
19465,1
19466,0
19467,1
19468,0
19469,1
19470,1
19471,1
19472,0
19473,1
19474,0
19475,0
19476,1
19477,1
19478,0
19479,0
19480,1
19481,1
19482,1
19483,1
19484,1
19485,0
19486,0
19487,0
19488,0
19489,1
19490,0
19491,1
19492,1
19493,0
19494,1
19495,0
19496,0
19497,0
19498,0
19499,0
19500,0
19501,1
19502,1
19503,0
19504,1
19505,0
19506,0
19507,1
19508,1
19509,1
19510,1
19511,1
19512,0
19513,1
19514,0
19515,0
19516,0
19517,0
19518,1
19519,0
19520,1
19521,0
19522,1
19523,0
19524,0
19525,1
19526,1
19527,0
19528,1
19529,1
19530,0
19531,0
19532,0
19533,0
19534,1
19535,0
19536,1
19537,1
19538,1
19539,0
19540,1
19541,1
19542,1
19543,0
19544,1
19545,1
19546,1
19547,1
19548,1
19549,0
19550,1
19551,0
19552,1
19553,0
19554,1
19555,0
19556,1
19557,1
19558,1
19559,0
19560,0
19561,0
19562,0
19563,1
19564,1
19565,1
19566,0
19567,1
19568,1
19569,1
19570,1
19571,0
19572,1
19573,0
19574,1
19575,1
19576,1
19577,1
19578,0
19579,1
19580,0
19581,0
19582,1
19583,1
19584,0
19585,0
19586,1
19587,0
19588,1
19589,1
19590,1
19591,0
19592,1
19593,0
19594,0
19595,1
19596,1
19597,0
19598,0
19599,1
19600,1
19601,0
19602,1
19603,0
19604,1
19605,0
19606,0
19607,0
19608,1
19609,0
19610,0
19611,0
19612,0
19613,0
19614,0
19615,1
19616,0
19617,1
19618,1
19619,0
19620,0
19621,1
19622,0
19623,1
19624,1
19625,0
19626,1
19627,1
19628,0
19629,1
19630,1
19631,0
19632,1
19633,0
19634,1
19635,1
19636,0
19637,0
19638,1
19639,0
19640,0
19641,1
19642,0
19643,0
19644,0
19645,0
19646,1
19647,1
19648,1
19649,1
19650,0
19651,0
19652,1
19653,1
19654,0
19655,0
19656,0
19657,1
19658,0
19659,1
19660,1
19661,1
19662,1
19663,1
19664,0
19665,0
19666,0
19667,1
19668,0
19669,1
19670,1
19671,1
19672,0
19673,0
19674,0
19675,1
19676,1
19677,0
19678,1
19679,1
19680,0
19681,1
19682,1
19683,0
19684,0
19685,1
19686,1
19687,0
19688,0
19689,0
19690,0
19691,1
19692,1
19693,1
19694,0
19695,1
19696,0
19697,0
19698,1
19699,0
19700,0
19701,1
19702,0
19703,0
19704,0
19705,0
19706,1
19707,1
19708,0
19709,0
19710,0
19711,0
19712,1
19713,1
19714,0
19715,0
19716,0
19717,1
19718,0
19719,0
19720,1
19721,0
19722,1
19723,1
19724,0
19725,1
19726,0
19727,1
19728,0
19729,0
19730,0
19731,0
19732,1
19733,0
19734,0
19735,1
19736,1
19737,0
19738,1
19739,1
19740,0
19741,1
19742,0
19743,1
19744,1
19745,0
19746,1
19747,0
19748,0
19749,0
19750,0
19751,0
19752,1
19753,0
19754,0
19755,0
19756,1
19757,0
19758,0
19759,0
19760,0
19761,1
19762,1
19763,0
19764,1
19765,0
19766,1
19767,0
19768,1
19769,1
19770,0
19771,1
19772,1
19773,0
19774,0
19775,1
19776,0
19777,0
19778,1
19779,0
19780,1
19781,1
19782,0
19783,1
19784,0
19785,1
19786,0
19787,0
19788,0
19789,0
19790,0
19791,1
19792,0
19793,1
19794,1
19795,0
19796,1
19797,0
19798,1
19799,1
19800,1
19801,1
19802,1
19803,1
19804,1
19805,0
19806,1
19807,0
19808,1
19809,1
19810,0
19811,0
19812,1
19813,0
19814,1
19815,1
19816,0
19817,1
19818,0
19819,1
19820,0
19821,0
19822,0
19823,1
19824,1
19825,0
19826,1
19827,0
19828,0
19829,1
19830,0
19831,0
19832,0
19833,1
19834,0
19835,1
19836,1
19837,1
19838,1
19839,0
19840,0
19841,0
19842,1
19843,1
19844,1
19845,0
19846,1
19847,1
19848,0
19849,0
19850,1
19851,1
19852,1
19853,1
19854,0
19855,1
19856,1
19857,0
19858,0
19859,1
19860,0
19861,1
19862,0
19863,0
19864,0
19865,1
19866,1
19867,0
19868,1
19869,1
19870,0
19871,0
19872,1
19873,1
19874,0
19875,1
19876,0
19877,1
19878,1
19879,1
19880,1
19881,1
19882,1
19883,0
19884,0
19885,0
19886,0
19887,0
19888,0
19889,1
19890,0
19891,0
19892,1
19893,1
19894,0
19895,1
19896,0
19897,0
19898,1
19899,0
19900,1
19901,1
19902,1
19903,0
19904,0
19905,1
19906,0
19907,0
19908,0
19909,0
19910,1
19911,0
19912,0
19913,0
19914,1
19915,1
19916,1
19917,0
19918,0
19919,1
19920,1
19921,0
19922,0
19923,0
19924,1
19925,1
19926,0
19927,1
19928,1
19929,1
19930,0
19931,0
19932,0
19933,1
19934,0
19935,0
19936,1
19937,1
19938,1
19939,1
19940,1
19941,0
19942,0
19943,0
19944,0
19945,0
19946,1
19947,0
19948,1
19949,1
19950,1
19951,1
19952,1
19953,0
19954,0
19955,1
19956,0
19957,0
19958,1
19959,1
19960,0
19961,1
19962,0
19963,1
19964,0
19965,1
19966,1
19967,1
19968,1
19969,1
19970,1
19971,1
19972,0
19973,1
19974,0
19975,0
19976,1
19977,0
19978,1
19979,0
19980,1
19981,0
19982,1
19983,1
19984,1
19985,1
19986,0
19987,0
19988,1
19989,1
19990,1
19991,0
19992,0
19993,0
19994,1
19995,0
19996,1
19997,0
19998,0
19999,1
20000,0
20001,0
20002,1
20003,0
20004,1
20005,0
20006,1
20007,1
20008,0
20009,0
20010,0
20011,1
20012,0
20013,1
20014,0
20015,1
20016,0
20017,1
20018,1
20019,0
20020,1
20021,1
20022,1
20023,0
20024,0
20025,0
20026,1
20027,0
20028,0
20029,1
20030,0
20031,1
20032,0
20033,1
20034,1
20035,1
20036,1
20037,0
20038,0
20039,1
20040,1
20041,0
20042,1
20043,0
20044,1
20045,1
20046,1
20047,0
20048,1
20049,1
20050,0
20051,0
20052,0
20053,1
20054,0
20055,0
20056,1
20057,0
20058,1
20059,1
20060,1
20061,1
20062,1
20063,0
20064,1
20065,0
20066,0
20067,1
20068,0
20069,1
20070,1
20071,1
20072,0
20073,0
20074,1
20075,0
20076,0
20077,1
20078,0
20079,1
20080,0
20081,0
20082,0
20083,0
20084,0
20085,0
20086,1
20087,1
20088,0
20089,1
20090,1
20091,0
20092,0
20093,1
20094,0
20095,0
20096,1
20097,0
20098,0
20099,0
20100,0
20101,1
20102,0
20103,1
20104,1
20105,0
20106,1
20107,1
20108,0
20109,0
20110,0
20111,0
20112,0
20113,1
20114,1
20115,1
20116,0
20117,0
20118,0
20119,1
20120,1
20121,1
20122,1
20123,1
20124,1
20125,0
20126,0
20127,1
20128,1
20129,0
20130,0
20131,1
20132,1
20133,1
20134,0
20135,0
20136,0
20137,0
20138,0
20139,1
20140,0
20141,0
20142,0
20143,1
20144,1
20145,1
20146,1
20147,1
20148,0
20149,0
20150,1
20151,0
20152,0
20153,1
20154,1
20155,0
20156,0
20157,0
20158,1
20159,0
20160,1
20161,0
20162,0
20163,1
20164,1
20165,1
20166,0
20167,1
20168,1
20169,1
20170,0
20171,0
20172,1
20173,0
20174,0
20175,0
20176,0
20177,1
20178,1
20179,0
20180,0
20181,1
20182,0
20183,0
20184,0
20185,0
20186,1
20187,0
20188,0
20189,0
20190,1
20191,1
20192,0
20193,1
20194,0
20195,1
20196,0
20197,0
20198,1
20199,0
20200,0
20201,0
20202,0
20203,0
20204,1
20205,1
20206,0
20207,1
20208,0
20209,1
20210,1
20211,0
20212,0
20213,1
20214,1
20215,1
20216,1
20217,0
20218,1
20219,1
20220,0
20221,0
20222,0
20223,0
20224,0
20225,1
20226,0
20227,1
20228,0
20229,1
20230,0
20231,1
20232,1
20233,0
20234,1
20235,1
20236,1
20237,0
20238,0
20239,1
20240,1
20241,0
20242,0
20243,0
20244,1
20245,1
20246,0
20247,0
20248,0
20249,0
20250,1
20251,1
20252,1
20253,0
20254,1
20255,0
20256,1
20257,0
20258,0
20259,0
20260,1
20261,1
20262,0
20263,1
20264,0
20265,1
20266,0
20267,1
20268,0
20269,1
20270,1
20271,1
20272,0
20273,0
20274,0
20275,1
20276,0
20277,1
20278,0
20279,0
20280,0
20281,0
20282,0
20283,0
20284,1
20285,0
20286,0
20287,1
20288,0
20289,0
20290,0
20291,1
20292,0
20293,1
20294,1
20295,0
20296,1
20297,1
20298,0
20299,1
20300,1
20301,0
20302,0
20303,1
20304,0
20305,0
20306,1
20307,0
20308,0
20309,1
20310,1
20311,0
20312,0
20313,0
20314,1
20315,0
20316,1
20317,1
20318,1
20319,1
20320,1
20321,1
20322,1
20323,0
20324,0
20325,1
20326,1
20327,1
20328,1
20329,0
20330,0
20331,0
20332,0
20333,0
20334,1
20335,0
20336,1
20337,0
20338,1
20339,0
20340,0
20341,0
20342,0
20343,1
20344,0
20345,1
20346,1
20347,0
20348,1
20349,0
20350,0
20351,0
20352,1
20353,0
20354,0
20355,0
20356,0
20357,0
20358,1
20359,0
20360,1
20361,1
20362,1
20363,1
20364,0
20365,1
20366,1
20367,1
20368,0
20369,1
20370,0
20371,1
20372,0
20373,1
20374,0
20375,0
20376,1
20377,1
20378,0
20379,1
20380,0
20381,0
20382,1
20383,0
20384,0
20385,0
20386,1
20387,0
20388,0
20389,0
20390,1
20391,0
20392,0
20393,1
20394,0
20395,0
20396,0
20397,0
20398,0
20399,1
20400,0
20401,0
20402,0
20403,0
20404,0
20405,0
20406,0
20407,1
20408,0
20409,0
20410,0
20411,0
20412,0
20413,0
20414,0
20415,0
20416,1
20417,0
20418,0
20419,1
20420,0
20421,0
20422,1
20423,1
20424,1
20425,0
20426,1
20427,1
20428,0
20429,0
20430,1
20431,0
20432,0
20433,0
20434,1
20435,0
20436,1
20437,1
20438,0
20439,1
20440,0
20441,0
20442,0
20443,0
20444,0
20445,0
20446,0
20447,1
20448,1
20449,0
20450,0
20451,0
20452,0
20453,1
20454,0
20455,0
20456,0
20457,1
20458,0
20459,1
20460,1
20461,1
20462,0
20463,0
20464,0
20465,0
20466,0
20467,1
20468,1
20469,0
20470,0
20471,1
20472,1
20473,0
20474,1
20475,1
20476,1
20477,0
20478,1
20479,0
20480,1
20481,1
20482,0
20483,0
20484,0
20485,1
20486,1
20487,0
20488,1
20489,0
20490,1
20491,0
20492,0
20493,0
20494,1
20495,1
20496,0
20497,1
20498,0
20499,0
20500,0
20501,0
20502,0
20503,0
20504,1
20505,0
20506,0
20507,1
20508,0
20509,0
20510,1
20511,1
20512,1
20513,0
20514,0
20515,0
20516,0
20517,1
20518,1
20519,1
20520,0
20521,0
20522,1
20523,0
20524,0
20525,0
20526,0
20527,1
20528,0
20529,0
20530,1
20531,0
20532,0
20533,1
20534,1
20535,0
20536,1
20537,0
20538,1
20539,1
20540,1
20541,1
20542,1
20543,0
20544,1
20545,1
20546,0
20547,1
20548,0
20549,0
20550,0
20551,1
20552,0
20553,0
20554,1
20555,1
20556,1
20557,1
20558,0
20559,1
20560,1
20561,0
20562,0
20563,0
20564,1
20565,0
20566,1
20567,0
20568,1
20569,1
20570,1
20571,1
20572,1
20573,1
20574,0
20575,1
20576,0
20577,1
20578,1
20579,1
20580,0
20581,1
20582,0
20583,0
20584,0
20585,0
20586,0
20587,0
20588,1
20589,1
20590,1
20591,1
20592,0
20593,1
20594,1
20595,1
20596,1
20597,1
20598,0
20599,1
20600,1
20601,0
20602,0
20603,1
20604,0
20605,0
20606,0
20607,1
20608,0
20609,1
20610,1
20611,1
20612,0
20613,1
20614,1
20615,1
20616,0
20617,0
20618,0
20619,0
20620,1
20621,1
20622,0
20623,0
20624,1
20625,1
20626,0
20627,0
20628,0
20629,1
20630,0
20631,0
20632,1
20633,0
20634,1
20635,1
20636,0
20637,0
20638,1
20639,0
20640,0
20641,0
20642,0
20643,1
20644,0
20645,0
20646,0
20647,1
20648,1
20649,1
20650,1
20651,1
20652,0
20653,0
20654,0
20655,1
20656,0
20657,1
20658,1
20659,1
20660,0
20661,0
20662,0
20663,1
20664,1
20665,0
20666,1
20667,0
20668,0
20669,0
20670,1
20671,0
20672,1
20673,0
20674,1
20675,1
20676,1
20677,0
20678,0
20679,0
20680,0
20681,1
20682,1
20683,0
20684,1
20685,0
20686,0
20687,1
20688,0
20689,1
20690,0
20691,0
20692,0
20693,0
20694,1
20695,1
20696,1
20697,1
20698,1
20699,0
20700,1
20701,0
20702,0
20703,0
20704,1
20705,0
20706,0
20707,1
20708,0
20709,1
20710,0
20711,1
20712,0
20713,0
20714,1
20715,0
20716,1
20717,1
20718,1
20719,1
20720,1
20721,1
20722,0
20723,1
20724,1
20725,0
20726,1
20727,1
20728,1
20729,0
20730,0
20731,0
20732,1
20733,1
20734,1
20735,0
20736,0
20737,1
20738,1
20739,1
20740,1
20741,1
20742,1
20743,0
20744,0
20745,1
20746,1
20747,0
20748,1
20749,1
20750,0
20751,0
20752,0
20753,1
20754,1
20755,0
20756,0
20757,0
20758,1
20759,1
20760,0
20761,0
20762,1
20763,1
20764,1
20765,1
20766,0
20767,0
20768,0
20769,1
20770,1
20771,0
20772,0
20773,0
20774,0
20775,1
20776,1
20777,0
20778,0
20779,0
20780,0
20781,1
20782,0
20783,1
20784,0
20785,1
20786,0
20787,1
20788,1
20789,0
20790,0
20791,1
20792,1
20793,1
20794,1
20795,1
20796,1
20797,0
20798,0
20799,1
20800,0
20801,0
20802,1
20803,0
20804,1
20805,0
20806,0
20807,1
20808,1
20809,1
20810,0
20811,1
20812,0
20813,0
20814,1
20815,1
20816,0
20817,1
20818,0
20819,0
20820,1
20821,1
20822,1
20823,1
20824,1
20825,1
20826,0
20827,0
20828,0
20829,1
20830,0
20831,1
20832,0
20833,0
20834,1
20835,1
20836,1
20837,0
20838,0
20839,0
20840,0
20841,1
20842,0
20843,0
20844,0
20845,0
20846,1
20847,1
20848,1
20849,0
20850,1
20851,0
20852,0
20853,1
20854,1
20855,0
20856,0
20857,0
20858,1
20859,0
20860,0
20861,0
20862,1
20863,0
20864,1
20865,0
20866,0
20867,1
20868,1
20869,0
20870,0
20871,1
20872,1
20873,1
20874,1
20875,1
20876,1
20877,0
20878,1
20879,1
20880,0
20881,0
20882,1
20883,0
20884,0
20885,1
20886,0
20887,1
20888,1
20889,1
20890,1
20891,1
20892,0
20893,0
20894,1
20895,0
20896,1
20897,0
20898,0
20899,1
20900,0
20901,1
20902,1
20903,1
20904,0
20905,1
20906,0
20907,1
20908,1
20909,1
20910,1
20911,0
20912,0
20913,1
20914,1
20915,1
20916,1
20917,1
20918,0
20919,0
20920,1
20921,0
20922,0
20923,1
20924,0
20925,1
20926,0
20927,0
20928,1
20929,0
20930,1
20931,0
20932,1
20933,1
20934,1
20935,1
20936,1
20937,0
20938,1
20939,0
20940,0
20941,0
20942,1
20943,0
20944,0
20945,0
20946,1
20947,0
20948,0
20949,1
20950,1
20951,1
20952,0
20953,0
20954,1
20955,0
20956,0
20957,1
20958,0
20959,1
20960,0
20961,1
20962,0
20963,1
20964,0
20965,0
20966,1
20967,0
20968,0
20969,1
20970,0
20971,0
20972,0
20973,0
20974,1
20975,0
20976,1
20977,1
20978,0
20979,0
20980,1
20981,0
20982,1
20983,1
20984,0
20985,0
20986,1
20987,0
20988,1
20989,0
20990,1
20991,0
20992,1
20993,1
20994,0
20995,0
20996,1
20997,0
20998,1
20999,0
21000,1
21001,0
21002,0
21003,1
21004,1
21005,1
21006,1
21007,1
21008,1
21009,0
21010,1
21011,1
21012,0
21013,1
21014,0
21015,1
21016,0
21017,1
21018,1
21019,0
21020,0
21021,1
21022,1
21023,1
21024,0
21025,1
21026,0
21027,1
21028,1
21029,1
21030,0
21031,0
21032,0
21033,1
21034,1
21035,0
21036,1
21037,1
21038,0
21039,0
21040,1
21041,1
21042,0
21043,0
21044,1
21045,1
21046,1
21047,1
21048,1
21049,0
21050,0
21051,0
21052,1
21053,0
21054,1
21055,1
21056,1
21057,1
21058,1
21059,1
21060,1
21061,1
21062,1
21063,1
21064,0
21065,1
21066,0
21067,1
21068,1
21069,0
21070,1
21071,0
21072,1
21073,0
21074,1
21075,1
21076,0
21077,1
21078,0
21079,0
21080,1
21081,1
21082,0
21083,1
21084,1
21085,1
21086,0
21087,0
21088,1
21089,0
21090,0
21091,0
21092,0
21093,0
21094,1
21095,1
21096,0
21097,0
21098,1
21099,0
21100,0
21101,0
21102,0
21103,1
21104,1
21105,0
21106,1
21107,1
21108,0
21109,1
21110,0
21111,1
21112,1
21113,1
21114,0
21115,1
21116,0
21117,0
21118,1
21119,1
21120,1
21121,0
21122,1
21123,0
21124,0
21125,0
21126,1
21127,1
21128,0
21129,1
21130,1
21131,0
21132,1
21133,0
21134,0
21135,0
21136,0
21137,0
21138,0
21139,1
21140,1
21141,1
21142,1
21143,1
21144,1
21145,1
21146,0
21147,1
21148,0
21149,1
21150,1
21151,0
21152,0
21153,1
21154,1
21155,1
21156,1
21157,1
21158,0
21159,1
21160,1
21161,0
21162,0
21163,0
21164,1
21165,0
21166,1
21167,1
21168,1
21169,1
21170,1
21171,0
21172,1
21173,0
21174,0
21175,0
21176,1
21177,1
21178,1
21179,1
21180,0
21181,0
21182,1
21183,1
21184,1
21185,0
21186,1
21187,0
21188,0
21189,1
21190,1
21191,1
21192,0
21193,0
21194,0
21195,0
21196,1
21197,0
21198,1
21199,0
21200,0
21201,1
21202,1
21203,1
21204,0
21205,0
21206,0
21207,1
21208,0
21209,1
21210,1
21211,1
21212,1
21213,1
21214,1
21215,1
21216,1
21217,1
21218,0
21219,0
21220,1
21221,1
21222,0
21223,0
21224,1
21225,0
21226,0
21227,1
21228,1
21229,1
21230,0
21231,1
21232,1
21233,0
21234,0
21235,0
21236,0
21237,1
21238,1
21239,1
21240,0
21241,1
21242,1
21243,0
21244,0
21245,0
21246,0
21247,0
21248,0
21249,1
21250,1
21251,0
21252,1
21253,1
21254,0
21255,0
21256,0
21257,1
21258,0
21259,0
21260,1
21261,0
21262,0
21263,0
21264,1
21265,1
21266,1
21267,0
21268,0
21269,1
21270,1
21271,1
21272,0
21273,0
21274,0
21275,1
21276,0
21277,1
21278,0
21279,0
21280,1
21281,0
21282,1
21283,0
21284,0
21285,0
21286,0
21287,1
21288,0
21289,1
21290,0
21291,0
21292,1
21293,0
21294,0
21295,0
21296,1
21297,1
21298,1
21299,0
21300,1
21301,0
21302,1
21303,1
21304,0
21305,0
21306,0
21307,1
21308,1
21309,1
21310,0
21311,0
21312,1
21313,0
21314,1
21315,1
21316,1
21317,0
21318,0
21319,1
21320,1
21321,1
21322,1
21323,0
21324,0
21325,0
21326,0
21327,1
21328,1
21329,0
21330,0
21331,0
21332,0
21333,0
21334,0
21335,1
21336,0
21337,0
21338,1
21339,1
21340,0
21341,0
21342,0
21343,1
21344,1
21345,0
21346,1
21347,1
21348,1
21349,1
21350,1
21351,1
21352,0
21353,0
21354,1
21355,1
21356,1
21357,1
21358,0
21359,1
21360,0
21361,0
21362,0
21363,0
21364,0
21365,1
21366,1
21367,1
21368,1
21369,0
21370,0
21371,0
21372,1
21373,0
21374,1
21375,1
21376,0
21377,1
21378,1
21379,0
21380,1
21381,1
21382,0
21383,1
21384,1
21385,1
21386,1
21387,1
21388,0
21389,1
21390,1
21391,0
21392,1
21393,0
21394,1
21395,0
21396,1
21397,1
21398,1
21399,0
21400,0
21401,0
21402,1
21403,1
21404,1
21405,1
21406,1
21407,0
21408,1
21409,0
21410,0
21411,1
21412,0
21413,1
21414,1
21415,1
21416,0
21417,1
21418,1
21419,1
21420,0
21421,1
21422,1
21423,1
21424,1
21425,0
21426,1
21427,0
21428,1
21429,1
21430,0
21431,1
21432,1
21433,0
21434,1
21435,0
21436,0
21437,1
21438,1
21439,0
21440,0
21441,0
21442,0
21443,0
21444,0
21445,0
21446,1
21447,0
21448,1
21449,0
21450,0
21451,1
21452,0
21453,1
21454,1
21455,0
21456,1
21457,0
21458,1
21459,1
21460,0
21461,1
21462,0
21463,1
21464,0
21465,0
21466,1
21467,0
21468,0
21469,0
21470,1
21471,1
21472,1
21473,1
21474,1
21475,0
21476,1
21477,1
21478,0
21479,1
21480,0
21481,1
21482,0
21483,1
21484,1
21485,1
21486,1
21487,0
21488,1
21489,0
21490,0
21491,1
21492,0
21493,1
21494,1
21495,0
21496,1
21497,0
21498,0
21499,1
21500,1
21501,0
21502,0
21503,1
21504,0
21505,0
21506,0
21507,0
21508,1
21509,1
21510,1
21511,0
21512,1
21513,1
21514,0
21515,1
21516,0
21517,1
21518,0
21519,0
21520,1
21521,0
21522,0
21523,0
21524,1
21525,1
21526,0
21527,0
21528,0
21529,1
21530,0
21531,0
21532,1
21533,1
21534,0
21535,1
21536,1
21537,0
21538,1
21539,0
21540,0
21541,1
21542,1
21543,1
21544,1
21545,0
21546,1
21547,1
21548,1
21549,0
21550,0
21551,0
21552,1
21553,0
21554,1
21555,0
21556,1
21557,0
21558,1
21559,1
21560,0
21561,0
21562,1
21563,0
21564,1
21565,1
21566,1
21567,0
21568,0
21569,1
21570,1
21571,1
21572,0
21573,0
21574,1
21575,1
21576,1
21577,0
21578,0
21579,0
21580,0
21581,1
21582,0
21583,1
21584,0
21585,0
21586,0
21587,0
21588,0
21589,0
21590,1
21591,0
21592,0
21593,0
21594,0
21595,0
21596,1
21597,1
21598,1
21599,0
21600,0
21601,1
21602,0
21603,0
21604,0
21605,1
21606,1
21607,0
21608,0
21609,0
21610,1
21611,0
21612,1
21613,1
21614,1
21615,1
21616,0
21617,0
21618,1
21619,1
21620,1
21621,0
21622,1
21623,0
21624,1
21625,0
21626,1
21627,0
21628,0
21629,1
21630,0
21631,0
21632,0
21633,0
21634,0
21635,0
21636,0
21637,0
21638,0
21639,0
21640,0
21641,1
21642,1
21643,0
21644,0
21645,0
21646,1
21647,1
21648,0
21649,1
21650,1
21651,0
21652,0
21653,1
21654,1
21655,1
21656,0
21657,0
21658,0
21659,0
21660,1
21661,0
21662,1
21663,1
21664,1
21665,1
21666,1
21667,1
21668,1
21669,1
21670,0
21671,1
21672,0
21673,0
21674,1
21675,1
21676,0
21677,0
21678,1
21679,1
21680,0
21681,0
21682,0
21683,0
21684,0
21685,0
21686,0
21687,1
21688,1
21689,0
21690,1
21691,0
21692,1
21693,0
21694,0
21695,1
21696,0
21697,1
21698,0
21699,0
21700,0
21701,0
21702,1
21703,0
21704,1
21705,1
21706,1
21707,1
21708,0
21709,0
21710,1
21711,0
21712,1
21713,0
21714,0
21715,1
21716,1
21717,1
21718,1
21719,0
21720,0
21721,0
21722,0
21723,1
21724,0
21725,1
21726,0
21727,0
21728,0
21729,1
21730,1
21731,0
21732,1
21733,0
21734,1
21735,0
21736,0
21737,1
21738,1
21739,0
21740,1
21741,1
21742,1
21743,0
21744,0
21745,0
21746,0
21747,0
21748,0
21749,0
21750,0
21751,1
21752,1
21753,0
21754,0
21755,1
21756,1
21757,0
21758,1
21759,0
21760,1
21761,1
21762,0
21763,0
21764,0
21765,1
21766,1
21767,0
21768,0
21769,1
21770,0
21771,0
21772,1
21773,1
21774,0
21775,0
21776,0
21777,0
21778,1
21779,0
21780,0
21781,0
21782,0
21783,0
21784,1
21785,1
21786,1
21787,0
21788,0
21789,1
21790,0
21791,1
21792,0
21793,1
21794,1
21795,0
21796,0
21797,1
21798,0
21799,0
21800,1
21801,1
21802,0
21803,0
21804,0
21805,0
21806,0
21807,1
21808,0
21809,1
21810,1
21811,1
21812,1
21813,0
21814,0
21815,1
21816,0
21817,1
21818,1
21819,1
21820,0
21821,0
21822,1
21823,0
21824,1
21825,1
21826,1
21827,0
21828,1
21829,1
21830,0
21831,0
21832,1
21833,1
21834,1
21835,1
21836,0
21837,1
21838,0
21839,0
21840,0
21841,1
21842,1
21843,1
21844,1
21845,1
21846,1
21847,0
21848,0
21849,0
21850,0
21851,0
21852,0
21853,0
21854,0
21855,0
21856,0
21857,0
21858,0
21859,1
21860,1
21861,0
21862,1
21863,0
21864,1
21865,1
21866,0
21867,0
21868,1
21869,1
21870,0
21871,1
21872,1
21873,1
21874,0
21875,1
21876,0
21877,1
21878,0
21879,1
21880,1
21881,1
21882,1
21883,0
21884,0
21885,1
21886,1
21887,0
21888,0
21889,1
21890,0
21891,0
21892,1
21893,0
21894,1
21895,0
21896,0
21897,1
21898,0
21899,1
21900,1
21901,1
21902,1
21903,1
21904,1
21905,1
21906,1
21907,0
21908,1
21909,0
21910,0
21911,0
21912,1
21913,0
21914,0
21915,1
21916,0
21917,0
21918,0
21919,1
21920,1
21921,0
21922,1
21923,1
21924,0
21925,1
21926,0
21927,1
21928,0
21929,0
21930,0
21931,0
21932,0
21933,1
21934,1
21935,1
21936,0
21937,1
21938,0
21939,1
21940,1
21941,0
21942,1
21943,0
21944,0
21945,1
21946,1
21947,1
21948,0
21949,0
21950,0
21951,1
21952,1
21953,0
21954,0
21955,1
21956,0
21957,0
21958,0
21959,0
21960,0
21961,0
21962,0
21963,1
21964,1
21965,0
21966,1
21967,0
21968,1
21969,0
21970,0
21971,1
21972,0
21973,0
21974,1
21975,1
21976,0
21977,1
21978,0
21979,0
21980,1
21981,0
21982,1
21983,1
21984,0
21985,0
21986,0
21987,0
21988,1
21989,1
21990,1
21991,1
21992,0
21993,1
21994,0
21995,0
21996,0
21997,0
21998,0
21999,1
22000,1
22001,0
22002,1
22003,0
22004,0
22005,1
22006,0
22007,0
22008,1
22009,1
22010,0
22011,0
22012,1
22013,1
22014,1
22015,1
22016,1
22017,0
22018,0
22019,1
22020,1
22021,0
22022,1
22023,1
22024,0
22025,1
22026,0
22027,1
22028,1
22029,0
22030,0
22031,0
22032,1
22033,0
22034,0
22035,0
22036,0
22037,1
22038,0
22039,1
22040,0
22041,0
22042,0
22043,0
22044,1
22045,1
22046,0
22047,1
22048,0
22049,0
22050,0
22051,1
22052,0
22053,1
22054,0
22055,1
22056,1
22057,0
22058,1
22059,0
22060,0
22061,0
22062,0
22063,1
22064,0
22065,1
22066,1
22067,1
22068,0
22069,0
22070,0
22071,0
22072,0
22073,1
22074,1
22075,0
22076,0
13533,1
4990,0
17548,0
733,1
6703,0
17033,1
8612,1
9305,0
9676,1
12242,0
16058,0
13676,1
12036,1
5862,0
5321,0
8480,0
9300,0
7672,1
9303,1
9902,0
11201,0
11638,0
5181,1
12853,1
5337,1
7326,1
16829,0
14582,0
2270,1
11525,0
5516,0
4400,0
10494,1
17172,0
3314,1
3800,0
11043,1
6133,0
9148,1
11769,1
13886,1
12503,0
11646,0
15468,0
736,1
8626,1
7103,0
2146,0
11044,0
4280,0
8794,1
16285,0
8604,0
7717,1
2202,0
13115,1
12563,0
13830,1
4124,0
8373,1
6877,0
17616,0
4004,0
15299,0
59,0
8028,1
12341,0
14102,0
4983,1
11010,0
16561,1
9668,1
10959,0
88,0
101,1
5431,0
6162,0
10918,0
14107,1
8902,1
12505,1
17169,1
11262,0
9113,0
7524,1
10342,1
1302,0
17039,1
10141,1
11743,0
12859,0
17580,0
1328,0
8332,1
4731,0
14934,0
13658,0
13588,0
9070,0
10316,0
7811,0
11522,0
11850,0
10992,0
8955,1
12886,1
6757,1
4031,1
1147,1
6983,1
10547,0
7048,1
8824,1
10263,1
14312,1
9620,1
16211,0
4787,0
3887,1
5512,0
16181,0
8318,0
15473,1
14170,0
10405,0
17524,0
7733,0
7944,0
9393,0
7626,0
13244,1
11731,1
11448,0
9015,0
424,0
7840,1
17223,0
1097,1
16759,0
7153,1
5140,0
10670,1
2583,1
123,0
5826,1
200,1
7722,1
103,0
16393,0
7781,1
795,0
9093,1
14674,0
8822,1
12536,0
17126,0
1208,0
3107,0
4176,0
16741,0
3256,1
1704,1
4885,0
1350,0
4914,1
12800,1
12547,0
8542,1
13094,0
8351,1
2175,1
3989,1
13578,0
2238,0
17531,1
8522,1
7897,1
3971,1
11816,0
169,0
8145,1
11703,0
7202,1
10909,1
6153,1
1355,1
11251,1
10420,0
16498,1
7713,0
7700,0
14067,0
11616,0
6245,0
884,0
14449,1
4985,1
16115,0
5346,1
8696,0
8739,0
8099,0
13174,1
5377,0
635,1
7955,1
1441,0
476,0
9681,0
12864,0
5157,1
12486,1
10538,0
3394,1
7953,0
15447,0
4058,1
5857,1
11433,0
5168,0
16579,0
12134,0
3833,1
313,0
13047,0
16959,1
17270,0
5943,1
11880,0
11341,1
12131,1
15220,1
4148,0
1640,1
1713,1
3592,1
4721,0
2051,1
10370,0
10440,0
11674,0
9755,0
7936,0
13771,0
15493,0
1039,1
1838,1
9238,0
8142,0
11628,0
6545,0
2485,0
2676,0
14627,0
17194,1
959,0
7640,1
13344,0
12858,1
10700,1
12366,0
7330,0
14336,1
3362,0
6529,1
17471,0
1769,1
10163,1
11790,1
10362,1
10811,0
8127,0
4045,1
657,1
19,1
2848,1
6584,1
8665,0
3886,1
14738,1
2095,0
7576,0
8773,1
7945,1
16872,0
16837,0
11975,1
900,1
11230,0
290,0
17486,0
17095,1
6692,0
17130,0
16551,0
3522,1
17398,0
9187,0
9870,1
4254,0
12465,1
322,0
11946,1
7284,1
3780,1
7176,1
13723,1
7484,1
12699,0
3234,1
9320,0
12490,0
13113,0
12846,0
3402,0
9443,1
14575,1
6753,0
1470,1
8136,0
450,1
928,0
12586,1
10702,0
4459,1
5786,1
2923,1
13488,0
13608,0
6332,1
6916,1
11188,1
12148,0
15445,1
3502,0
17287,0
11102,0
4708,1
1456,0
5012,0
828,1
7515,0
4489,1
9411,1
1026,0
7391,1
4170,0
10624,0
7228,1
8031,1
17487,1
12516,0
2579,0
17532,1
5118,0
13420,0
7571,1
7667,1
4800,1
14681,1
11279,1
11376,0
17521,1
15103,1
10556,0
6702,1
10483,0
16555,1
2546,0
17151,0
14851,1
1705,1
8374,1
9345,0
16923,0
17243,0
10092,1
11006,1
744,0
7221,1
3013,1
4510,1
15082,1
1870,0
4469,1
4193,1
10303,0
11443,0
251,1
7921,1
6149,1
9859,0
6347,1
6712,0
10456,1
15743,0
15631,1
13287,0
10540,0
15798,1
2797,1
14647,0
7752,0
4115,1
12007,0
17123,0
14921,1
9504,0
1944,1
15400,0
13796,0
8528,0
11552,1
14263,0
4788,1
8425,0
6333,1
3742,1
5843,0
1346,0
12844,0
13908,0
5915,0
6405,0
970,0
4388,1
13688,0
12037,1
2968,1
9610,1
10306,0
11858,0
13995,0
247,1
7076,1
6935,0
4048,1
4884,0
8948,1
7625,1
11353,0
9842,0
2641,0
5421,1
5971,0
7047,0
7278,0
11629,0
4750,0
3335,1
8484,1
16975,0
127,0
10341,1
8233,0
9730,1
3733,1
5545,0
1321,0
13150,0
327,1
5975,1
12706,1
6939,1
708,1
14998,0
12850,1
1493,1
11189,0
621,1
15977,1
6248,0
14086,0
967,0
3652,0
9960,1
3035,0
2403,1
16096,0
5605,0
7163,1
7341,1
15306,1
2614,1
2150,1
751,1
13072,0
7388,0
4959,0
10337,1
4693,1
6562,0
3784,1
3015,0
6535,1
14387,1
5981,0
5155,0
11507,0
16793,1
2638,0
10138,0
6211,1
8888,0
971,1
14120,0
2315,1
6266,1
6377,0
3752,0
2388,1
5658,0
1315,0
4980,1
17464,1
5028,1
11342,0
3468,1
12186,0
11610,1
14808,0
1027,1
4871,0
15673,1
8393,0
15946,1
16522,0
16831,0
9891,1
4828,0
17477,1
5865,1
3458,0
2714,1
8018,1
12351,0
12058,1
5572,0
15027,1
14590,1
14001,1
4049,1
5182,1
5391,1
4643,0
1087,1
15475,1
13607,0
15489,1
11193,1
11612,0
3418,1
5880,1
10591,1
9972,0
10870,0
960,0
7748,0
4007,1
5348,1
17620,1
1570,1
10550,0
12911,0
4982,0
13361,0
10272,0
17145,0
11891,0
1034,1
7441,1
10883,0
11119,0
1450,0
3024,1
856,0
4397,1
12943,1
3617,0
14361,1
4116,0
6321,0
8672,1
11802,1
17424,0
6193,1
9431,1
9420,0
17051,1
15666,1
1347,0
10868,1
16865,1
8439,0
13316,1
1862,0
5094,0
14366,1
4073,0
2319,0
11807,1
13955,1
4229,1
1710,1
3120,0
12101,1
2184,0
7098,0
2684,0
6921,1
15760,1
12491,1
10072,1
2609,0
12482,1
2039,1
8760,1
2554,1
16822,0
12154,1
10630,0
3649,0
5620,1
16104,1
15109,1
3980,1
17242,0
15370,0
12209,1
902,0
9276,0
12056,0
8040,0
9734,0
17277,0
4730,0
10324,0
10191,0
16119,0
13754,1
1783,1
6051,1
17316,1
3974,1
16570,1
2988,1
1688,1
7463,0
16034,0
12578,1
11652,1
217,0
2450,0
9672,1
7507,0
12929,1
2140,0
5222,0
1056,0
15670,1
9955,1
13369,1
5270,0
5511,0
17263,0
12900,0
12286,1
5849,0
15690,0
12882,0
8459,0
17103,0
9069,1
10010,1
9929,0
13321,0
2136,0
6029,0
6929,1
2862,1
2132,1
13362,0
6173,1
14055,0
12295,1
13954,0
6647,0
5022,1
15058,1
11403,1
8348,0
9202,0
1065,0
7308,1
11071,1
5267,0
1510,1
16747,0
3997,0
2254,0
1002,0
1261,0
9530,1
16136,1
729,0
5576,1
5727,1
1086,1
2751,0
6706,0
4410,1
9377,0
2796,1
14690,1
2002,0
10596,0
8900,1
6908,1
13124,1
14881,1
3106,1
15224,0
9680,1
12912,0
6424,1
4281,1
5464,1
3410,1
15406,0
14897,1
15371,0
5133,1
9132,0
2299,0
2662,0
10581,1
3189,0
16213,1
15253,1
16004,0
7836,0
10955,0
13188,0
10987,0
1453,0
12107,0
14342,0
10840,0
14807,0
1624,0
8545,1
4843,1
6165,0
10786,0
14044,0
4877,0
17481,1
4100,0
16386,1
9341,1
7889,1
8375,0
6625,1
3570,1
14156,0
12224,0
12300,0
11728,1
11535,0
14879,1
17610,1
16511,0
1199,0
14556,0
8158,0
16249,1
3647,0
6699,0
4013,1
9850,1
16286,0
6277,1
2298,0
181,0
8178,0
2616,0
907,1
2856,0
15660,1
9934,0
10899,1
12955,0
15587,1
12562,1
14389,1
7428,0
1989,1
13532,1
8897,0
9317,1
5236,1
6735,1
50,1
5667,0
16931,0
7592,1
2864,1
9483,1
15750,1
17522,1
6725,0
9868,0
3102,0
6609,1
16657,0
16257,0
7486,0
137,0
4903,1
878,0
14967,1
3369,0
10514,0
3813,0
4464,0
8209,0
5923,0
4954,0
2820,0
13400,0
5049,1
1869,1
3193,1
7852,1
8117,1
7535,0
8686,0
1085,0
11869,1
5174,0
12986,0
431,1
485,0
3298,0
16701,1
8359,1
10923,1
7628,0
17099,0
1866,0
4978,0
16947,0
3721,1
6202,0
4367,0
9921,0
3105,1
9193,1
4718,1
6158,0
12072,1
3948,1
11545,0
2167,1
3053,0
14518,1
3289,0
14689,1
14127,1
2545,1
13956,1
5990,0
8642,0
5461,1
8180,0
3501,1
3269,1
47,1
1429,0
6045,1
15828,0
14519,0
13092,0
13036,1
16303,0
5721,1
6927,0
6836,1
8810,1
15615,0
361,0
5385,1
11906,0
4894,0
2127,1
14394,0
3643,1
7791,0
9839,0
15851,0
16009,1
5864,0
1890,0
15362,1
12915,1
15945,0
4963,1
6840,0
2308,1
8195,0
16165,0
13059,1
2791,0
2973,1
10071,0
5035,1
5018,1
3,0
13789,1
14301,1
12650,1
14771,0
1162,0
9770,0
10381,0
6973,1
980,0
7802,0
16565,1
16174,0
16100,1
8813,1
15982,1
7822,0
13681,1
7040,0
8991,0
14213,0
13905,0
836,0
2266,1
11730,0
1163,1
5359,1
10780,0
2471,1
9301,1
10009,1
5216,1
12305,1
5217,0
3950,0
4336,0
10414,0
10227,0
5736,1
3379,1
14735,1
10261,0
2325,1
8977,0
15628,1
10317,0
3860,1
10855,0
5422,1
17044,0
3608,1
8288,0
2512,1
1020,1
346,1
5293,1
3143,0
10441,1
2141,0
4762,0
4625,0
6061,1
2467,0
15608,0
17222,0
15211,0
3615,0
1767,1
5025,1
8951,0
15700,1
12488,0
12572,1
3509,0
15551,1
2334,0
6560,1
12462,1
8164,1
8000,0
4688,0
14062,1
2360,1
2174,0
14644,1
14130,0
6113,1
5198,1
13274,1
7510,1
6676,1
7555,1
11095,0
12639,0
8618,1
2748,0
12643,0
2830,1
5513,0
2697,1
7621,0
9349,1
9270,1
8658,0
10212,1
1396,0
15255,1
1411,1
16307,0
14324,0
3376,0
12194,0
5999,1
12052,0
8845,0
3599,1
6399,0
2993,0
937,1
13983,0
2996,1
13653,1
12940,1
7946,0
12627,1
4604,0
17251,0
2267,1
11701,0
10723,1
9378,0
2087,0
8265,1
7335,1
3635,1
17530,1
6373,1
3287,1
15605,0
3090,0
12610,0
5225,0
13938,0
9152,1
13044,0
13238,1
3429,1
4860,1
12082,0
4993,1
6918,1
8994,1
5642,1
15413,1
5841,1
13678,0
9754,1
8019,0
9185,1
13483,1
3843,0
14613,1
15607,1
10801,0
5434,1
11579,0
655,1
6612,1
4767,1
16690,1
11759,1
11890,0
10930,0
4257,0
12664,0
4119,1
8981,0
7301,0
13088,1
535,0
16743,0
14585,1
14413,0
16450,0
10133,1
10999,0
2878,0
9522,0
15779,1
6872,0
2677,1
7695,0
17660,0
5937,1
4294,1
12319,0
8554,1
6433,0
10496,0
13317,0
6243,0
196,1
2712,0
8369,0
14648,1
6023,0
11408,0
17399,1
11204,0
12669,1
1768,0
6147,0
9162,1
11184,1
9987,1
9552,1
8495,0
4771,0
8908,0
16363,1
4548,0
1580,0
15068,0
9330,0
16516,1
10217,1
99,0
14862,1
14639,1
12141,0
4519,0
13048,0
15421,0
254,1
5504,0
9251,1
9737,0
3902,0
8214,0
5414,1
3274,0
16462,0
10484,1
13499,0
2232,0
12471,0
10032,1
4527,0
2480,0
4999,1
11224,0
16079,1
1694,0
1984,0
8546,1
11712,1
8791,1
16966,1
4226,0
9605,1
4024,1
7589,0
4618,0
10221,1
7600,1
2099,0
1023,0
9595,1
3594,0
6805,1
17211,1
7319,1
12714,1
3222,0
16138,0
16075,1
3077,1
13945,0
2145,1
6817,1
5527,1
8409,0
5587,0
1210,0
1554,1
16881,1
7375,1
15805,0
3511,1
2501,1
664,0
14696,0
4328,0
1707,0
13170,0
9236,1
15161,0
12830,1
4202,1
17357,0
9924,1
8248,1
16999,0
11596,1
14660,1
387,0
8482,0
5496,0
7771,1
2008,1
12320,1
6255,1
13987,0
5139,0
3245,0
15296,0
12259,0
14111,1
9532,0
7735,1
2425,0
6778,0
3865,1
7702,0
9964,0
259,1
11219,0
16875,0
5945,1
6290,1
8204,1
4123,1
1836,0
9029,1
4754,1
14315,1
9422,1
12612,0
5468,1
9034,1
4930,0
13155,0
9597,0
7220,1
7886,0
4679,1
4639,0
11974,1
11468,1
7197,0
1911,0
4413,1
1121,1
608,1
13845,1
3919,0
11484,1
11541,0
2281,1
11364,1
16904,1
3844,1
9376,0
8211,1
1042,1
2812,1
5940,1
9699,1
1632,1
9249,0
3852,0
14391,1
6664,0
4665,1
12841,0
16821,1
9340,1
12927,1
3656,0
377,1
357,0
5459,0
4822,1
9481,1
8330,0
14840,0
3474,1
11895,1
5617,0
10416,0
14703,1
16721,0
5405,0
12511,1
15606,1
10545,0
10467,1
13492,1
2025,0
11019,1
13336,1
9931,0
10765,1
5905,0
5608,1
11028,0
2585,1
12571,1
13866,1
2448,0
6395,1
6994,0
15555,0
2458,0
10904,0
4286,0
15882,1
3282,1
222,0
16910,0
13199,1
2435,0
2589,1
16559,1
16102,1
9487,1
15132,1
2805,1
2301,0
113,0
14181,0
9720,0
12731,1
4265,1
6341,0
14583,0
16914,0
13177,0
12331,1
9854,1
5245,1
10609,0
7719,0
4488,1
3668,1
7442,0
12451,0
16350,0
10115,0
11611,1
15046,1
5099,1
7199,1
3472,0
7017,1
15801,0
4028,0
3425,1
16558,1
13976,0
8649,0
10205,0
7309,0
6756,1
15579,0
15716,1
3315,0
3058,1
2602,1
12042,1
17450,1
4714,0
8746,0
17647,1
8873,1
14569,1
17304,1
5635,0
16072,0
5996,1
14155,0
6252,1
6186,0
10945,1
11841,0
3461,1
4201,0
11368,1
6480,0
9792,0
12456,0
2543,0
3260,0
483,1
11984,0
6415,0
7814,0
3434,0
7562,0
6498,0
8903,0
8279,1
7346,1
6388,0
9473,0
1730,0
9384,1
14230,0
9199,0
2718,0
13535,0
16074,0
9553,0
13618,0
8914,0
820,1
1114,0
291,1
7654,0
13525,1
653,0
8842,0
14165,1
4832,1
4441,1
2948,1
4113,0
4705,0
17324,1
5151,0
930,0
16818,0
3449,0
10790,1
14636,0
13622,0
16078,0
8327,1
15819,0
10036,0
8422,1
10712,0
15581,0
7254,1
16636,1
12119,1
2726,0
14456,0
12783,0
4506,1
15059,0
9464,0
17683,0
8440,0
12054,0
17156,1
1397,0
862,1
4610,1
2250,1
14813,1
6013,1
351,1
6253,1
12028,1
4407,0
3079,0
12703,1
16634,0
9252,0
566,1
16691,0
13585,0
7803,0
6978,0
5706,0
2117,0
12708,0
4724,0
1305,1
14522,1
7801,1
8893,1
2026,1
6729,1
17606,0
1035,1
15827,0
1557,1
9657,1
326,1
14602,0
7780,1
10424,1
54,1
12596,0
10967,1
9253,0
15887,0
2813,0
9760,0
16858,1
7648,1
735,1
8083,1
15124,1
1965,1
720,1
9826,1
426,0
15973,1
1720,1
6335,0
9707,1
16204,0
13909,1
5503,1
9085,1
9459,1
7726,1
11011,0
3251,1
3827,0
420,1
284,1
16693,0
2519,1
379,0
2129,0
12268,0
8121,0
15689,1
9983,0
11831,0
9409,0
2928,1
4132,1
15207,1
6053,1
6118,0
16055,0
15793,1
3584,0
11471,1
11991,1
6066,1
2199,0
12534,0
8852,1
5271,1
5746,1
11503,0
12124,1
6180,0
16754,0
3846,0
3210,1
14427,0
6932,1
8743,0
15275,1
4935,1
10746,0
7591,1
8104,0
5803,0
12788,0
5418,0
11848,0
1697,0
15035,1
8239,0
221,1
13792,1
16033,0
11370,0
13520,0
7827,1
9647,1
2351,1
2300,0
8344,0
16408,0
3014,1
4902,0
9568,1
12481,0
16853,1
14709,0
14701,0
1606,0
5358,1
17374,0
13814,1
6955,0
6758,1
4502,1
6278,1
11374,1
1276,1
5813,1
8753,0
15759,0
14009,1
5125,0
16835,1
8654,0
17387,1
3000,0
6879,1
15279,1
14992,1
4401,0
12090,0
12164,1
10901,1
7403,1
5458,1
13212,1
4870,1
9558,1
7092,1
12554,0
7132,1
3550,1
2874,1
15290,1
3706,0
16670,0
13211,0
17659,1
15006,0
7360,1
9757,0
15472,0
6398,1
841,1
11527,1
2814,1
4061,0
2003,0
5194,0
13433,1
10057,1
9547,0
3623,1
3479,0
17068,0
13436,0
4333,0
2420,1
8037,0
10842,1
1010,0
8481,0
4723,1
1599,0
17562,1
1427,1
15266,1
11557,1
5537,1
447,0
11357,1
11723,1
8974,0
977,0
15905,1
6181,1
5148,0
3889,0
7793,0
9366,1
5614,1
9525,0
10223,1
12381,0
7231,0
2534,1
13707,0
6742,1
10000,0
6428,1
15480,0
11269,1
17023,1
1358,0
14341,1
15143,0
2054,1
6624,1
15774,1
14438,1
12156,1
2995,0
9319,0
13213,0
8962,1
9735,1
13126,1
3011,0
3986,0
10620,1
11504,1
2152,0
15334,1
17108,1
4385,0
6913,1
9946,0
3069,1
5420,1
5913,1
1166,0
10646,0
6161,1
12359,1
13776,0
3111,0
16752,1
1144,0
9980,0
3341,1
7074,1
2157,0
15898,0
130,1
409,1
17560,1
2275,0
11866,1
14579,0
149,1
17637,0
14699,0
11597,0
94,1
7302,1
15734,1
7152,0
3208,0
8870,0
14741,1
9188,0
15968,0
1496,1
2498,0
11275,1
10747,1
0,1
9063,1
57,0
3657,1
14631,0
3684,0
6357,1
9234,1
14168,0
15839,0
2626,0
12606,0
1833,0
14505,1
11547,1
12041,1
5170,1
4609,1
13628,1
8877,1
16150,0
14159,0
13035,0
11630,1
4345,0
9632,1
17383,1
10771,0
14580,0
7613,0
8936,0
6672,1
11915,0
8188,1
1634,0
1981,0
2189,0
9498,0
8899,0
4104,0
13827,1
2704,1
6956,1
13357,1
15604,1
13512,0
11248,1
102,1
6569,0
1498,1
17389,1
6235,0
15825,0
7580,1
7639,0
12648,1
15788,1
9919,0
15908,1
7453,1
4691,1
4153,1
7728,0
12636,0
12939,0
7364,0
3207,1
14368,1
7665,0
13179,1
640,1
3991,0
9178,0
17148,1
2885,0
12794,1
6201,1
2483,1
16091,1
9997,1
11179,0
17135,1
12675,1
6662,1
7627,0
7475,0
8805,0
6128,1
10560,0
8550,1
3366,1
4344,0
17410,0
2009,0
12879,1
17490,0
15931,1
10080,0
3616,0
2499,1
13342,1
10311,0
12375,0
14922,0
12687,1
8352,0
4156,0
15228,1
17197,0
2078,1
17495,0
8621,0
3214,1
1639,1
2571,1
5361,0
2214,1
8454,0
13249,1
9742,1
4715,0
10542,0
3857,1
9594,0
7732,0
6863,0
10718,1
7553,1
13724,0
8817,0
3194,1
7215,0
3589,1
4110,1
2021,0
10126,0
9617,1
4602,1
8247,0
10284,1
9144,1
7412,0
3295,1
13086,0
5380,1
10043,1
11512,0
15578,0
17266,1
5715,1
4449,0
6832,0
11086,1
14219,0
9255,0
12016,0
15790,0
15187,0
11632,1
12086,0
9390,1
3422,0
11449,0
12008,0
7444,1
9452,1
4949,0
10351,1
17385,0
563,1
4105,0
13232,0
15289,0
11898,1
15138,0
9403,1
3559,1
2879,0
700,1
10236,1
1119,0
15155,0
9490,0
10730,0
5135,0
4186,0
12980,1
518,0
7528,0
12526,1
1314,0
5952,1
13666,0
3288,0
15641,0
8500,0
12619,1
3387,0
15985,0
9957,1
15639,1
13966,0
2177,1
14844,0
15278,0
9364,0
16153,1
6393,1
3043,0
7077,1
14668,1
12314,1
2439,0
14829,1
8284,0
6077,0
12326,0
950,0
826,0
7139,0
274,1
14629,0
5058,1
11208,1
1053,0
7983,1
9228,0
12614,0
17359,0
927,0
4093,0
13458,0
5654,1
2562,0
5689,0
15784,0
1318,1
4844,1
14710,1
10673,1
13596,1
15738,0
304,0
5860,0
4447,0
15785,1
15571,1
6174,1
14508,1
13112,1
17557,0
9691,0
16452,1
17609,1
5871,1
7546,1
4168,1
511,0
6088,1
17192,0
6151,0
2826,1
1090,0
5272,0
10402,1
4770,1
3204,1
16394,1
15333,0
7495,0
8749,1
12723,0
14677,1
14723,0
10067,0
10438,0
7698,1
5836,0
742,0
15613,0
13762,1
11635,0
5161,0
3710,0
12097,0
16431,0
8496,1
601,0
2699,0
11200,0
8985,0
14071,1
381,0
11523,1
11808,1
3441,1
4533,0
17191,0
4794,0
11566,1
10974,1
2950,1
6098,0
11960,1
4140,1
14615,0
2085,1
2518,0
1372,1
11913,0
439,0
7182,1
11588,0
8573,1
14719,0
14480,1
9982,0
12510,1
16154,0
14184,1
339,1
14232,1
8688,0
3572,1
11521,0
7474,1
6621,1
2629,1
4166,1
11662,1
13282,1
903,1
12749,0
2405,1
16362,1
11887,0
12029,0
7744,0
1593,1
366,0
11800,1
7290,0
9254,1
17014,0
16664,1
8744,1
8194,0
16611,1
7289,1
11614,1
3577,1
11953,0
3946,0
2622,0
3571,1
3263,1
11575,1
9965,1
2678,0
16659,0
85,0
167,0
3707,1
7666,0
16162,0
4572,1
1418,0
11237,1
2935,0
9391,1
46,1
7317,1
6641,0
14080,1
8011,0
2069,1
1522,1
9328,1
15881,1
16937,0
1078,1
6436,1
624,0
9150,0
15325,0
10889,1
8886,0
12410,1
15884,0
3578,0
13063,0
15377,1
7438,1
12217,1
12948,1
3047,1
425,1
2909,1
6002,1
10415,0
15375,0
13327,0
14617,0
14787,0
6526,0
1739,1
9514,1
8722,0
1887,1
4856,1
16065,0
10199,0
8530,0
7356,0
6762,0
8191,0
15002,1
12248,0
14633,1
15233,1
1393,0
11501,0
7272,0
10877,0
14323,1
9621,1
9022,1
13195,0
10994,0
17327,0
1714,0
6387,1
4936,1
13348,1
12245,1
8309,1
13328,1
4896,1
10689,0
16866,0
12861,1
16192,1
11118,0
4918,0
17361,1
2006,1
1288,0
9758,1
2861,0
3682,1
15300,0
1693,1
16112,1
5659,1
10557,1
16774,0
4291,1
3669,1
11553,0
6822,0
11321,0
15633,0
3023,1
6759,0
6225,1
5172,1
9038,0
9096,1
10017,1
3941,1
13259,0
1959,1
6490,1
17633,0
3788,0
3433,1
5259,0
6630,1
8807,0
11478,0
11384,1
10524,0
1064,0
10333,0
2730,0
11453,1
6109,0
17073,0
1771,0
9191,1
16258,0
10936,0
13464,1
8221,1
14997,1
7025,0
7583,0
14501,1
15107,0
2954,1
17526,1
12711,0
4081,0
5883,1
1153,0
16744,1
6137,0
13185,1
5128,1
15301,0
11063,1
150,0
7476,0
1535,0
9969,0
1277,0
14027,0
2225,0
15560,1
1683,1
9515,1
17474,0
2998,1
7015,0
9050,0
578,0
12964,0
5030,1
3821,0
17168,0
13448,0
6442,0
13939,1
9224,0
13304,0
4393,1
17040,0
6392,0
676,1
1006,1
9551,0
12779,0
4353,0
7273,1
3484,1
10001,0
3651,0
7908,0
14073,0
16120,0
15574,1
10583,0
5853,1
12143,0
7112,0
17203,0
2715,0
10652,1
16526,1
1443,1
17268,1
6114,0
6050,1
2701,1
9006,1
466,1
1962,1
533,1
7203,1
4189,1
8360,0
14687,1
8048,0
8355,1
10129,1
15802,1
8922,0
638,1
7656,0
16302,1
5748,0
16134,0
6595,0
9819,1
1664,0
7912,1
2680,1
9575,1
14912,0
1247,1
411,0
1566,0
1354,0
17446,1
11306,1
15650,1
1530,0
7608,1
12493,1
688,1
1544,0
9688,0
12172,0
3703,1
14864,1
5090,0
10815,0
6104,1
5960,0
8698,0
6518,0
16594,0
9415,1
1123,0
11355,0
10054,1
2277,0
17158,1
6842,1
4220,0
8197,1
8774,0
2380,0
30,0
12229,1
10260,0
11231,0
11077,1
8918,1
10961,0
4448,0
15537,0
4315,1
2444,1
10251,1
8238,1
14563,1
4671,0
14303,0
6105,1
13882,0
16785,1
7457,1
3482,0
15097,1
3323,0
5562,0
13295,0
13569,0
14832,1
2495,1
6867,0
14743,1
11987,0
12401,1
3944,0
188,0
11004,0
9507,0
6145,0
14882,1
9608,1
7567,1
6561,1
7753,0
6634,1
7249,1
293,0
3532,0
8606,1
15603,0
4525,1
13710,1
8704,1
16076,0
13228,0
14763,1
10694,1
1534,1
13404,0
5859,0
8944,1
6062,0
14959,0
17436,0
9925,0
10280,1
7834,1
11772,0
16637,0
9362,0
9939,0
15872,1
673,0
4706,0
7401,1
16614,1
8780,0
2481,1
7402,1
9192,1
13210,1
15496,1
7172,1
7687,1
5954,0
13430,1
15780,0
8323,1
3221,1
5566,1
9097,1
14823,0
9430,1
1650,1
9308,1
14650,1
14313,1
10732,1
435,0
12064,1
2932,1
6650,1
6345,1
2445,0
7150,0
3778,1
398,0
1805,1
13356,1
11899,0
9841,1
14431,0
15352,1
1475,0
3934,0
7477,1
12787,0
4450,1
9189,1
2574,0
11917,1
17026,1
5800,1
6648,0
6412,0
5732,0
11211,1
280,1
17525,0
8395,1
4836,0
13962,0
8950,0
12540,1
9872,1
11710,1
9731,0
1889,1
14664,0
9901,0
10989,0
7649,1
15521,0
12635,1
11025,0
11725,0
17533,1
6769,1
16148,0
5082,1
16062,1
15241,1
13275,1
9506,1
4807,1
12392,1
10779,0
6698,1
505,1
13904,0
12108,1
10513,1
13384,1
4667,0
2111,0
3393,1
3477,1
4245,0
15762,0
11524,0
4755,1
13582,0
14895,1
7796,1
9425,0
13103,1
16803,1
15196,1
13876,1
13172,0
6887,0
12604,0
14746,0
12397,0
11335,1
6325,0
7949,1
8827,0
11966,1
8261,0
8929,0
12583,0
12476,0
10474,0
9052,0
4438,0
7974,1
13973,0
11160,1
11233,0
2807,1
6141,0
6459,0
7826,1
4246,1
7800,0
11762,0
10369,0
2216,1
7747,1
12426,0
2857,1
1127,1
10078,0
1799,1
13782,1
11076,1
11378,0
14744,1
13100,1
10501,1
2034,1
5893,0
3579,1
8295,0
13554,0
2919,1
14214,1
15865,1
17465,0
13474,0
9806,0
6544,1
6462,0
6551,0
11197,1
617,0
5711,1
11153,0
7051,1
15918,1
7884,0
7333,0
14188,1
7558,0
6934,0
177,0
6779,1
9666,1
9129,0
3781,1
6700,1
2929,1
4580,1
15263,1
10725,1
3545,1
1092,0
17225,1
11879,0
7191,1
7223,0
35,1
473,0
16767,0
5116,1
16476,0
4614,0
15322,1
11845,1
16607,1
15794,1
1327,1
1729,1
16884,1
9634,0
2930,0
7556,0
1681,1
1452,0
6790,1
2109,0
17252,1
1365,1
12171,1
3978,0
3310,1
6306,0
3964,0
299,0
1107,1
11263,0
13241,0
7180,1
11409,0
4950,0
16991,0
1608,0
12754,0
16712,1
8336,0
12642,0
8,0
8978,1
13138,0
6210,0
4850,0
4074,0
8769,1
15139,1
9858,0
10134,0
3411,0
12560,1
1005,0
7559,0
16259,0
17546,1
17336,1
11719,1
13431,0
3128,0
11446,1
750,0
1190,1
17484,1
17052,0
15509,0
7496,1
10218,0
5332,1
11709,0
6125,0
12663,0
15498,1
5227,0
5762,0
8736,0
12367,1
12277,1
1310,1
10174,1
8655,1
12387,1
5357,0
17377,1
9072,1
5115,0
13889,1
16924,1
9861,1
2478,1
7578,0
6925,0
10268,1
6486,1
3938,1
14821,1
2559,0
1808,1
13385,0
10714,1
3562,1
7149,1
263,1
13346,0
14037,0
14770,1
5564,0
344,1
8973,0
11706,1
1571,0
13000,1
9167,0
11734,0
6208,1
8466,0
2084,0
13570,0
9701,0
1370,0
11176,1
4338,0
8607,1
8267,1
558,1
8527,0
12988,1
10654,1
42,1
5076,1
4560,1
13262,1
16705,1
12280,0
10580,0
4467,0
5665,0
1964,0
16135,0
10794,0
14605,0
11856,0
11034,0
1976,1
15166,1
16451,0
13360,0
5023,1
14249,1
1766,1
17311,0
7861,0
3070,0
5042,1
1488,1
4417,1
12196,0
16443,0
3753,1
3421,1
4561,0
10710,0
8126,1
542,0
14619,0
17124,0
1071,0
8250,0
3995,0
6291,0
1655,0
16656,0
10866,0
16234,1
3546,1
2183,0
10021,1
4638,1
16587,0
8079,1
15768,1
6386,1
1807,1
15495,1
2126,1
11121,0
1011,1
3485,0
13029,0
5277,0
11687,0
7885,0
12653,1
14973,1
11933,1
10224,0
15347,1
13220,1
2074,0
10367,0
4473,0
14641,0
474,0
1853,0
914,1
16844,1
11352,1
11170,0
16653,1
16794,1
3073,1
3115,0
15479,0
7720,0
6209,1
13426,0
16331,0
2760,1
6954,0
13854,0
17452,1
6962,0
7091,1
4147,1
3481,0
4026,1
10027,0
12657,0
16280,0
13632,0
1383,1
13702,1
5425,1
9287,1
1748,0
17470,0
16056,0
1213,0
1122,1
9396,0
17500,1
84,1
1226,1
11979,1
15584,0
9372,1
17081,1
11983,1
10970,0
7439,0
9849,0
8910,1
8341,1
3826,0
1604,0
12077,1
11047,0
16972,1
176,0
10172,1
2358,0
12006,1
2231,0
15064,0
6027,0
15039,0
9838,0
15675,0
10069,0
2414,1
1430,0
1512,1
3704,0
16654,0
5149,1
3050,0
5026,1
10007,1
4862,1
13443,0
5584,0
15213,0
5514,1
2894,1
2404,1
2771,1
9466,0
7085,0
6600,0
1297,1
3999,0
5207,1
553,0
9426,0
5896,1
17584,0
8013,1
10821,0
11605,0
6423,0
10742,0
16927,0
8492,1
434,1
11776,0
3595,0
6286,1
15038,1
14576,0
3582,1
3698,0
16132,1
11027,0
1333,1
4461,0
509,0
7828,0
16619,1
5998,0
1533,0
14833,1
9001,1
10360,1
9975,0
16274,0
6467,1
10946,1
7854,1
17195,1
16440,0
8771,0
10546,0
13365,0
6649,1
10826,1
932,1
9003,1
13475,0
11910,1
936,0
13268,1
3233,0
15989,0
3877,0
15088,0
1368,0
7877,1
7100,0
1547,1
14825,0
2584,1
12930,1
13378,1
7058,0
8455,1
13110,0
15390,0
11012,1
353,0
14695,1
16756,0
6922,0
11300,0
9347,0
1935,0
803,1
9410,0
7126,1
8694,0
15288,1
16541,0
16492,0
14572,0
16702,0
10240,1
14736,1
12137,0
16330,1
12076,0
8986,1
12795,0
2918,0
1722,1
5751,0
11026,1
1061,1
1373,0
8727,0
5005,0
6541,1
16954,1
13916,1
15645,0
16479,1
13455,0
3692,0
5309,0
16933,1
5764,1
14958,1
15414,1
10675,0
13824,1
10597,0
13571,0
16114,0
6950,0
8260,1
8231,0
5863,1
7859,1
1066,1
11699,1
14211,1
9500,1
15939,1
842,0
17138,0
15846,0
9423,0
2091,1
6798,0
503,1
2271,1
3063,0
9820,0
16935,1
11878,0
4149,0
168,1
12122,0
3059,0
9948,0
12138,0
9864,1
6896,0
10231,0
7068,0
1236,0
2900,1
13717,0
17390,0
14,1
5274,1
682,0
13755,1
2927,0
9910,0
7668,0
15629,0
4816,0
3268,0
4288,0
6408,1
17405,0
15188,1
16209,1
10162,1
13223,1
2858,1
3848,0
4564,1
12736,0
15387,0
5,0
6069,1
5331,0
1659,0
10665,1
4032,1
15126,0
13890,1
17442,0
15076,0
487,1
14952,0
119,0
17163,1
8165,0
6532,1
10884,1
4296,1
7662,1
15101,0
15723,1
9563,0
11346,0
13454,0
1402,0
7063,0
4342,1
15430,0
14029,1
11529,0
6178,0
286,1
16780,1
3447,0
17171,0
9753,0
11542,1
3993,0
11930,1
3894,1
9896,0
11325,1
12667,1
14960,0
1957,1
13684,1
5908,0
14988,1
14742,1
1157,1
14131,0
6148,0
11292,0
9222,1
11520,1
10819,1
1921,0
15130,1
2455,0
8066,0
11452,0
8366,0
2525,1
1684,1
3903,0
4764,0
13921,0
10705,0
7960,0
15015,0
6931,1
4509,1
15060,0
7809,1
4929,0
4554,0
2613,1
14304,0
8255,0
16758,0
15963,1
14255,0
16842,1
16998,1
16856,1
1575,1
16838,0
10423,1
14762,1
1520,1
8489,0
1617,1
5066,1
491,0
10981,1
17301,0
9703,1
8639,0
15467,1
1320,0
316,1
17358,0
14197,1
7930,0
16305,1
10329,0
5623,0
15630,0
6260,0
15777,1
14534,1
5465,1
12084,1
5071,0
16116,1
1270,0
15837,1
10579,1
2037,1
1022,0
8803,1
17208,1
4127,1
266,1
15271,1
12840,1
4751,0
10763,1
6951,1
13887,1
2884,0
15471,0
6705,0
1952,0
3745,0
5589,1
2742,1
8819,0
10656,0
1263,1
10429,0
2549,1
14554,1
13371,1
2522,1
5638,0
11568,0
17444,1
4779,1
15378,0
7655,0
13191,1
850,1
5474,1
6505,0
10296,1
12923,1
16219,1
12918,0
4528,0
7978,1
10920,0
2698,1
13667,1
7660,1
8916,0
8798,0
6427,0
15120,1
14938,1
4553,0
758,0
11631,1
4034,1
11857,1
13797,1
10458,0
8223,0
1323,1
14845,0
12963,0
13806,1
17391,1
895,1
10942,0
6660,1
1225,1
2312,0
15749,1
5230,0
13181,0
2859,1
15764,0
15986,1
4035,0
9698,1
14258,0
7808,0
2112,1
4128,0
764,1
7298,1
15746,1
17380,0
5792,1
17045,1
13756,0
14601,0
6422,1
16563,1
13726,0
8700,0
945,0
16127,0
15257,0
14348,1
13129,0
15441,0
16816,1
7168,1
11194,1
8692,1
4040,1
14198,0
5250,0
4981,1
13084,0
2788,1
16339,1
11024,0
8200,1
5007,0
15331,0
14227,1
4097,1
7028,0
3334,1
2119,1
1326,1
3547,1
10872,1
1459,0
12630,1
17170,0
3031,0
12823,1
12423,1
6920,0
6506,1
9149,1
7712,1
15568,0
10031,0
4973,1
1586,1
11422,0
13630,1
9942,0
8478,0
16876,1
14174,0
12559,0
10774,1
9440,1
4547,1
13650,1
13414,0
13519,0
12153,1
11465,1
12942,1
13747,1
3299,0
8856,0
11995,0
11573,1
7004,0
9787,0
3910,1
3032,0
14731,1
7019,0
15897,0
12157,0
16343,1
2086,1
15408,0
373,0
2182,0
10358,0
12548,0
11100,0
17631,1
11097,0
11062,1
14280,1
3942,0
586,0
7981,1
10795,1
7007,1
6504,1
7021,1
14110,1
15205,0
7443,1
13656,1
16124,1
10618,0
15137,1
5735,1
449,1
14624,1
11000,0
6087,0
11420,0
13298,0
9304,1
4205,0
3248,1
8871,1
8917,0
16089,1
12454,1
1489,1
9825,0
9966,1
13243,1
15501,0
2959,1
16893,0
16510,1
468,0
27,0
3609,0
16976,0
10399,0
14485,0
805,1
13798,0
9704,0
10639,1
8097,1
4660,0
4084,1
5707,1
3352,1
1143,1
17559,1
2737,0
16251,1
9128,0
13897,1
12073,0
10155,0
4948,1
4046,0
6850,0
1206,1
135,0
8741,0
16166,0
5290,1
15110,0
5657,1
83,1
14454,1
925,0
8660,0
16888,0
16916,1
15010,1
2088,0
1398,1
12551,0
6293,1
1983,0
11784,1
7307,1
3099,0
16529,1
4518,0
12644,1
5639,1
8387,1
12518,1
12894,1
11191,0
2798,1
9115,0
16395,0
13497,1
9157,1
11319,1
16338,0
12695,0
5031,1
10809,0
10791,1
7277,0
9201,0
16504,1
9404,0
7387,0
13784,1
7248,0
4279,1
9438,1
5549,1
11125,0
7958,1
10979,1
14900,1
17320,0
13668,0
5146,0
1698,0
15277,0
14005,0
10241,1
8149,0
7676,1
7998,0
3755,0
13157,1
8647,0
15212,0
8406,0
3169,1
12904,1
15942,1
7883,1
11603,0
4672,0
2608,1
13273,0
5742,1
13619,1
4375,1
16894,1
2227,1
10753,1
16185,1
14035,1
875,0
11753,1
14408,0
5604,1
12524,0
8485,1
10466,0
2323,1
273,1
4010,1
3021,0
7238,1
14652,0
6334,1
6134,0
1047,0
4278,1
8049,1
5278,0
6366,1
12801,1
257,1
11860,0
14560,1
13276,1
794,0
10328,1
9721,0
8272,1
2802,0
12321,1
17367,0
11091,1
14544,0
5814,0
2937,1
14217,1
14332,0
2194,1
10226,1
15715,1
4089,1
15704,1
1043,0
4043,0
16489,0
9233,1
11072,0
17154,1
14799,0
8065,1
3290,0
8054,0
4216,1
4436,0
17230,1
1880,0
4304,0
13611,0
14164,1
1775,0
8015,1
12979,0
17588,0
14305,1
13638,1
1175,1
4230,0
15523,0
17245,1
17554,1
9696,0
6385,0
6215,0
15936,1
4866,1
11884,1
8203,1
9800,0
16677,0
6903,1
199,0
9648,0
554,0
13606,0
6301,1
345,1
15104,1
1602,1
11070,1
15458,0
6835,0
2236,0
10388,1
7229,1
10184,1
1747,0
2656,1
13441,1
2154,1
7300,0
11437,0
11103,1
11923,0
11309,1
831,1
8354,1
12403,0
9918,0
7087,1
16618,0
2453,1
218,0
13214,0
9526,1
360,1
7417,1
16984,0
12751,0
13450,0
5412,1
5489,1
8757,0
5714,1
10349,0
14149,0
17056,0
8732,1
16147,1
10662,1
7250,1
15540,1
8776,0
4682,1
10100,1
14495,0
5441,0
12113,1
1290,0
2977,1
15987,1
14070,1
1479,1
17638,0
15008,0
11227,0
3658,1
7070,0
1583,0
5038,0
17152,0
6223,0
5386,0
17013,0
1352,1
6607,0
1182,1
17018,0
8768,1
15180,0
4501,0
3108,0
11264,1
5508,0
7348,1
11162,1
14053,1
6760,0
1508,0
2872,1
817,0
9920,0
7762,0
10892,1
13372,0
13674,1
3984,0
17048,1
3438,1
41,0
13933,1
12204,1
16037,0
9534,0
14143,1
15025,1
5802,1
12388,1
12897,0
12162,0
16141,1
17162,0
13786,1
1711,1
3445,0
8009,1
6451,0
934,0
12273,0
13777,0
13853,1
6319,0
15031,1
2578,1
9416,1
7816,0
8285,0
7293,0
15128,1
34,1
17543,0
2246,0
16272,1
12914,1
1254,1
12228,0
8515,1
9511,1
8473,0
2122,0
2673,1
8608,0
11549,1
17077,1
7704,0
1516,1
12843,1
6095,1
15437,0
7511,1
9669,1
16140,0
16149,1
14944,0
14465,1
13449,0
7899,1
6829,0
6682,0
2344,0
12443,1
8310,1
13198,0
16472,1
8291,0
6024,1
15820,0
15218,1
7078,0
17314,0
9432,1
16252,1
5050,1
1433,1
3165,1
12270,1
11110,0
385,0
6189,1
33,0
10726,1
7324,0
9357,1
311,0
334,0
15292,0
7575,1
1139,0
1303,0
7539,0
6512,0
15815,0
14112,0
7342,0
16638,1
17021,1
10607,1
5702,1
6311,0
3101,0
12696,1
9213,1
6472,0
17416,1
10803,1
11839,1
15955,0
13432,0
7731,0
12660,0
8825,1
1643,0
10491,0
2974,0
10818,1
1576,0
1024,1
4881,0
8361,0
3739,1
6237,0
13158,0
2906,1
9321,1
8404,0
6067,0
13028,1
5763,1
3184,0
16180,1
2252,1
13539,1
5948,1
8161,1
11216,1
9412,0
4789,0
12501,0
9798,0
6501,1
993,0
9463,0
9606,0
16790,1
10903,0
5312,1
13614,0
11464,0
13801,0
10958,0
4824,0
8709,1
15019,1
829,0
15695,0
1395,1
2357,0
568,1
14176,0
15297,0
9977,1
31,1
7632,0
121,0
15737,1
1611,1
9176,0
14622,0
5749,1
6826,0
16805,0
9572,0
2124,0
6323,0
16233,0
12484,0
732,1
10588,1
5015,1
14167,0
3763,0
79,1
8823,0
9566,1
410,1
11304,1
333,1
9066,1
1084,0
9630,1
14600,0
15996,0
4101,0
5106,1
7075,0
3975,0
2188,0
5815,1
17094,0
4915,1
5597,0
5195,1
9161,0
13793,1
2081,0
14179,1
10062,0
157,0
15995,1
9926,1
8865,0
12546,0
7541,1
10290,1
16716,0
16231,0
1484,1
2043,0
705,0
11685,0
14610,1
3154,1
15029,1
13730,1
953,1
9071,0
7934,1
6006,0
396,1
9827,1
7882,1
13677,0
9675,0
13863,0
17432,0
2536,0
11466,1
13026,0
6350,0
10915,1
4720,1
15994,0
9246,0
14775,1
1528,1
16088,0
2020,0
8710,0
16177,0
5771,1
1662,1
455,0
4237,0
13487,0
15281,1
12332,0
16238,0
7038,0
4203,1
10119,0
651,0
14466,0
10444,0
17362,1
3016,1
4069,1
16449,0
11249,1
8664,0
15173,0
8122,1
17437,1
9616,0
17640,1
11569,0
14015,1
17384,1
4256,1
3646,0
7306,0
10365,1
173,0
3769,1
16012,1
8875,1
335,0
16962,1
12348,1
2133,0
5528,1
13058,0
399,1
13310,1
10219,0
749,1
611,1
5532,1
15235,0
14752,0
12377,1
3776,0
11581,0
4125,1
4989,1
14520,1
17146,1
13952,0
4848,0
3087,1
7991,0
12807,1
3601,0
10479,0
3187,1
8629,1
14957,1
5861,0
4629,1
12698,1
15302,0
10960,0
17303,1
12307,1
11750,0
16820,0
9389,0
15952,0
1795,1
8030,1
4745,1
14506,0
9542,0
11756,1
214,1
10052,1
12537,1
4197,1
1562,0
16795,0
13204,1
13461,0
3213,1
1527,0
6096,0
15145,0
12214,1
8878,0
2755,1
13592,1
6685,1
2694,0
9226,1
3042,0
12809,0
14767,1
15836,1
9295,0
4802,1
5924,1
16550,0
13902,0
9051,0
9913,0
15589,1
13006,0
8510,1
11217,0
7053,1
2213,1
14375,1
10254,0
10949,0
5535,1
11967,1
2348,0
8583,0
8410,1
6503,1
11242,0
13544,1
10731,1
15914,1
11932,1
14180,1
5098,1
12447,1
7855,0
2683,1
8256,0
5833,1
11386,0
12837,1
13531,0
8380,0
17538,1
15121,0
1521,1
8620,0
4740,1
12848,1
14558,0
8094,0
14284,0
17613,1
6020,0
3905,1
15854,1
8786,0
1675,1
6157,1
7708,0
8413,0
10206,0
16346,1
12262,1
16817,0
5719,0
16486,1
17288,0
9690,1
16014,1
17199,1
15392,1
16323,1
7458,1
5760,0
12494,1
3316,1
7831,1
9392,0
14678,0
9652,1
15236,1
1615,0
6275,1
12274,1
3973,0
4351,0
1598,1
16589,0
8300,0
1803,0
11586,0
16515,1
7408,1
14185,1
16080,0
12824,1
1732,0
8059,0
772,1
15065,1
14462,0
13082,0
15488,0
394,0
5282,0
2595,0
15950,0
16070,1
7596,0
12827,0
2029,1
7947,1
2057,0
15089,1
8653,0
8887,0
13822,0
5612,0
11152,0
871,1
2816,1
11402,1
14383,0
11255,1
16650,1
4098,1
9912,0
6550,1
4289,0
6693,1
17463,0
9527,1
2288,0
5567,1
4977,0
5886,0
7914,0
3025,1
4057,1
12382,1
15249,0
275,1
7971,0
3576,0
8423,0
15417,1
3678,0
13134,1
8331,0
13427,1
20,1
16464,0
14963,0
8377,0
1851,0
4139,1
2473,0
16519,1
1922,1
17574,1
12239,0
9581,0
12623,0
2342,0
17518,0
4269,1
6886,1
5568,0
4812,1
9904,0
6463,0
4847,1
4130,1
16206,1
13816,1
1217,0
13709,0
15569,1
9004,1
13117,1
10895,1
1954,1
12539,1
1740,0
17186,1
457,0
5034,1
16732,1
9684,0
8748,1
16574,0
63,0
8268,0
13098,1
4634,1
5375,0
16481,1
17630,1
6627,0
6292,0
1454,1
16706,0
16682,1
14496,1
11009,0
7089,0
1817,1
16505,0
61,0
3098,1
4373,1
4851,0
11902,1
633,0
1923,0
11937,0
14030,0
11417,1
16342,0
10363,1
12750,0
11696,0
3147,1
7765,1
13842,1
12255,1
7919,0
13256,0
15694,1
4347,1
4169,1
407,1
8156,0
16730,1
7588,1
1623,1
1595,1
15948,0
13810,1
170,1
2882,1
3205,0
14273,1
5265,1
17125,0
7305,0
9212,0
11007,1
7685,1
12317,1
1385,0
10934,0
683,0
8141,1
12461,0
16869,0
7518,1
7222,1
13014,1
17458,0
13993,0
800,0
747,1
4029,0
7044,0
15917,0
2206,0
7864,0
7724,0
590,1
5211,0
3689,0
1491,0
5466,0
8426,0
8153,1
1405,1
962,1
13468,1
8999,0
5165,1
9584,1
8124,0
7691,1
9722,0
3286,0
13016,1
7810,1
4391,1
9682,1
6930,1
14121,0
13473,0
9740,0
12389,1
10879,0
13553,1
5766,1
16672,0
8294,0
9450,0
13634,1
3325,1
4991,0
6517,1
11243,0
13435,1
17493,1
12678,1
8993,1
10629,0
1612,0
4785,0
17567,1
10312,1
12702,1
5758,0
10059,0
15326,0
7046,0
5526,1
13486,0
13581,1
9683,0
10843,0
1744,1
8379,0
1822,0
811,1
868,0
5500,0
17231,1
5493,1
3280,1
7159,0
10368,0
14402,0
5268,1
5446,1
8282,0
16740,0
3524,1
4546,0
10796,0
8661,1
12489,1
2558,0
1844,1
4475,1
7113,1
6188,0
12937,1
13005,0
12773,1
4044,0
12838,1
12409,1
13574,0
3372,1
10604,1
10495,1
3634,0
10590,1
1743,1
16898,1
6086,1
3517,0
16423,1
10678,0
12068,0
16980,0
11621,1
3396,1
10480,0
520,1
13613,0
131,1
12530,1
12252,0
7488,0
14935,1
13343,1
8091,1
6590,1
4852,0
1979,1
5123,0
6969,0
13038,1
11401,0
13091,0
5858,1
3597,1
2201,0
4849,0
1579,0
4398,0
11697,1
8815,0
8085,0
9629,1
16494,1
16432,1
5809,0
4653,1
10421,0
6556,0
10598,0
2769,0
388,0
1953,1
9520,1
9660,1
315,1
2004,1
5354,1
413,0
10740,0
16318,1
3383,0
10029,0
605,1
15,1
8830,1
8477,1
3049,1
3952,0
309,0
1483,0
1253,1
15454,0
13470,1
15262,1
4972,0
2517,0
10257,0
16480,1
11671,1
2128,0
702,0
1947,1
13526,0
3842,0
9360,1
9538,1
1111,0
8225,1
1904,1
4743,0
637,1
248,1
2406,0
14488,0
696,0
16708,1
6818,0
14805,0
9414,0
2228,0
8889,0
7207,0
70,1
11014,1
1178,1
4622,1
17343,0
15098,0
1891,1
15080,0
11490,1
13289,1
14351,0
10330,0
11778,0
2089,0
16703,0
12646,1
4191,1
17646,1
2957,1
14705,0
13394,0
6730,1
7699,1
1083,1
15894,1
2853,1
13133,1
6195,0
10650,0
4874,0
944,0
16341,1
12311,1
8913,1
17322,1
13903,1
7073,0
3328,0
13560,0
15984,0
4738,0
367,0
16777,1
14225,0
10149,1
17173,0
1152,0
13603,1
15397,1
4313,0
7434,0
15885,0
12993,0
14090,1
2012,1
2615,1
7050,0
9039,0
12959,0
13988,1
11031,1
184,1
7749,0
11587,1
10005,0
9380,0
11673,0
7416,0
6557,0
10282,1
9214,0
9442,0
10528,1
12163,1
592,1
13869,0
7487,0
5894,1
1028,0
8137,1
3925,1
13517,1
15009,0
538,0
5610,1
15962,0
6508,0
11327,0
12094,0
16848,0
6417,1
2310,0
15601,0
6679,0
13561,1
12378,0
3455,0
5460,0
5838,1
7472,0
11517,1
13725,1
5725,1
5761,1
4162,1
1765,0
8630,0
4536,1
9619,1
15954,1
5627,1
15466,1
465,0
10812,0
1197,1
4209,0
5767,0
4907,0
12748,1
5449,0
16471,0
8687,0
2531,1
14568,0
16298,1
4003,0
10107,1
7820,1
14133,0
2019,0
6064,0
12776,1
8198,1
9808,1
10735,1
4111,0
12421,0
4486,1
1945,1
14777,0
10166,1
2570,1
5502,0
5561,1
17680,1
17027,0
7109,1
6156,1
13352,0
4455,1
17041,0
3283,1
5294,0
10707,0
8114,0
13383,1
10242,0
14977,0
5817,0
16262,1
2452,0
1237,1
17298,1
2060,0
7599,0
3307,0
17326,1
16996,1
133,1
8651,0
9058,1
408,0
11957,1
4965,0
12483,1
2058,0
11013,0
6438,1
16852,1
2764,1
13950,1
11640,0
12290,1
4716,1
2215,1
17212,1
3045,0
12247,0
1482,1
7590,1
9804,0
2943,1
12128,0
5531,1
7775,1
5363,0
13111,1
7681,1
2548,1
10688,1
6434,0
15901,1
7136,0
3469,0
12747,1
10379,1
13227,0
10764,1
4064,0
1858,1
8416,0
10359,1
4343,1
16506,0
4901,1
3355,0
15307,1
4030,1
14523,0
10804,1
11113,0
13663,0
8896,0
16453,0
1057,0
16792,0
14347,1
9143,1
13466,0
872,0
9183,0
4015,1
4231,0
12992,0
5381,1
11054,0
3492,1
13089,1
15462,0
5001,0
6084,1
13729,0
1924,1
5927,1
7677,0
1351,0
12205,1
5541,1
866,0
3344,1
4301,0
17589,0
3533,1
2449,1
14515,1
15456,0
260,0
11495,1
6143,1
8187,1
9272,1
14260,1
16784,0
9512,1
2209,0
833,0
9016,1
12346,1
16279,0
8205,0
5129,1
898,1
13176,1
2417,1
11882,0
4676,0
2921,1
10715,1
2249,0
9962,0
15032,0
9163,1
16402,1
13821,0
6224,0
2459,0
8866,0
429,0
2966,1
4880,0
8814,0
15072,0
13209,0
14492,0
13888,1
14691,1
15627,0
7606,1
13515,0
13061,1
14904,0
9332,1
7900,1
14877,1
9418,1
11375,0
4395,0
2903,0
12313,1
8812,0
5020,1
7895,0
14768,1
13374,1
7501,0
8063,0
1656,0
2628,1
14917,1
6315,0
11602,1
14068,0
5478,0
1686,0
3881,1
8730,0
4215,1
16588,0
5169,1
3322,0
1723,1
10984,1
14220,0
4905,0
3465,0
9386,0
15075,1
12498,1
15394,1
17030,0
6688,0
5903,0
8839,0
7530,1
376,1
3460,1
8778,1
825,0
704,1
4012,0
2655,1
13858,1
8349,0
6072,0
16038,1
8483,1
3442,0
11124,0
208,0
2337,0
7878,0
4872,1
3066,0
16284,1
14649,0
6586,1
3909,0
15182,1
12349,0
16825,1
5349,1
1934,0
16571,0
4694,0
12742,1
2804,0
12662,1
14392,0
9124,1
461,0
10880,0
753,0
15956,1
12626,1
5847,1
6945,1
10125,0
4129,1
1049,0
14150,1
7110,1
15539,1
17255,1
11286,1
10543,1
9625,1
14353,1
11934,0
908,0
5900,1
11323,0
15484,0
5046,1
1841,0
8132,1
17323,0
4121,0
15769,0
1201,0
15978,1
111,0
15880,1
1701,0
5112,1
14951,0
9358,1
978,0
15637,1
6271,1
12435,0
9044,1
8452,0
15873,0
4960,1
9084,0
7663,1
14782,0
1408,0
10137,0
12176,0
16105,1
13203,1
3386,1
12833,0
6601,0
7918,0
4641,1
14229,0
10321,1
1614,0
16586,1
9593,1
9395,1
5613,1
5477,0
13872,0
2366,0
6110,0
8271,1
6119,1
3996,1
15871,0
4913,1
3679,1
14244,1
14006,1
12774,1
16768,1
4106,0
11828,1
5426,1
216,1
16807,0
8940,0
5963,1
6824,0
4707,0
12887,0
12522,0
5553,1
15018,1
15916,0
3804,1
10038,0
9644,0
9636,0
12854,0
11592,0
5885,0
14986,1
11947,0
14498,0
763,1
8833,1
7134,1
16597,0
8576,0
5339,1
17565,1
11986,0
7316,1
8304,0
2913,0
3351,0
2390,0
9840,0
9724,1
17015,0
12114,0
1621,0
1202,0
10891,1
12769,1
8574,0
2477,0
15998,1
15247,1
15782,0
17115,0
15486,0
12370,0
17641,1
7963,1
3297,1
1126,0
11729,1
17356,0
15497,0
16753,1
9055,1
1669,1
12191,1
6194,1
15536,1
1295,1
7573,0
3898,1
5933,1
5224,0
16711,0
3312,1
479,0
1596,0
11571,1
10470,1
13800,0
11270,1
14279,1
2487,1
14526,1
16151,1
16117,0
9761,0
12974,1
647,0
15245,0
3613,0
16922,0
13075,0
1457,0
10957,1
13742,0
15742,1
16854,0
15909,1
9090,0
883,0
543,1
13633,0
606,1
17293,0
9571,0
16815,0
12140,0
9482,0
11636,0
15765,0
8403,0
11968,1
741,1
11432,1
1977,1
9844,0
16069,0
2144,1
9354,0
15285,1
4429,0
14493,0
14990,1
2286,0
714,1
14896,1
16773,1
3914,1
10239,0
13701,1
3404,1
510,1
13293,1
10497,1
13541,0
12179,1
13069,0
839,1
13003,0
8171,0
11267,0
15443,0
7862,1
5438,1
12432,1
12705,0
4840,1
8581,0
1142,1
3463,0
15433,0
3728,0
16525,1
17370,1
1801,0
4756,0
12372,0
6205,0
530,1
1540,0
9893,1
14012,1
1919,0
2753,1
17017,0
14008,0
16297,0
9601,1
8217,1
16600,0
7969,1
14890,1
8969,0
2412,0
15900,1
9056,1
4122,1
5483,1
9834,1
5804,1
1332,1
16098,0
2876,0
9613,0
17067,0
1077,0
7917,0
13326,1
8723,1
12469,0
8821,0
1183,1
10250,1
14256,0
3060,1
3859,1
15412,0
9843,0
7784,0
5805,1
5691,1
9622,1
8552,0
9945,0
8364,1
3879,0
6765,0
2180,1
16867,1
6339,0
10256,0
12222,1
7508,1
9048,1
9289,1
6677,0
14945,0
8715,1
6021,0
11387,1
16568,0
16839,0
3694,0
6070,0
10393,1
16731,1
11733,1
5921,0
15717,1
10768,0
16179,1
185,1
863,1
7459,0
16292,1
4062,1
17177,0
14884,0
13631,0
6329,0
1415,0
16864,0
7716,1
5651,1
13670,0
2163,0
16751,0
10690,0
10910,1
12047,1
17029,1
13692,0
16911,0
16461,0
14989,0
1594,0
5479,0
15545,0
14793,1
7224,0
4772,0
10565,1
921,0
15298,1
4984,0
13187,0
2205,0
13971,0
16010,1
15696,1
981,0
2456,0
6619,0
15003,0
3685,1
17217,1
12093,0
2331,0
13264,0
13985,1
2898,1
14119,1
6876,1
8293,1
9895,0
2552,0
14672,1
16530,0
1665,1
6739,0
3837,1
2582,0
11817,0
17676,0
724,1
11358,1
10307,1
14928,1
16278,0
